project,critical,high,medium,low,components,vulnerabilities,product,vendor,repo_url,VendorName,Product,ProductCategory,Total Sites,US Sites,Total Enterprises,Enterprises in US,gh_stars,gh_forks,gh_open_issues,gh_watchers,gh_language,gh_created_at,gh_updated_at,gh_pushed_at,gh_default_branch,gh_license,gh_archived,gh_size_kb,gh_size_gb
Alluxio_Inc_-Alluxio.cdx,2,10,2,0,498,14,Alluxio,Alluxio Inc.,https://github.com/Alluxio/alluxio,Alluxio Inc.,Alluxio,Big Data Processing,9096.0,4153.0,2152.0,832.0,7173.0,2948.0,1039.0,433.0,Java,2012-12-21T17:43:46Z,2026-03-28T15:00:16Z,2025-04-29T16:46:58Z,main,Apache-2.0,False,205633.0,0.1961069107055664
BuddyPress-BuddyPress.cdx,0,0,0,0,7,0,BuddyPress,BuddyPress,https://github.com/buddypress/buddypress,BuddyPress,BuddyPress,Software as a Service,32934.0,23231.0,12415.0,5405.0,245.0,172.0,19.0,28.0,PHP,2013-04-13T11:56:03Z,2026-03-28T02:40:33Z,2026-01-26T19:28:07Z,master,,False,77112.0,0.0735397338867187
Citrix_Systems_Inc-CloudStack.cdx,4,19,10,1,1157,34,CloudStack,Citrix Systems Inc,https://github.com/apache/cloudstack,Citrix Systems Inc,CloudStack,Infrastructure as a Service,21241.0,12123.0,6683.0,4899.0,2849.0,1291.0,695.0,144.0,Java,2013-04-29T22:27:12Z,2026-03-27T20:15:34Z,2026-03-27T21:45:31Z,main,Apache-2.0,False,656379.0,0.625971794128418
Civilized_Discourse_Construction_Kit_Inc_-Discourse.cdx,1,2,2,2,2439,7,Discourse,Civilized Discourse Construction Kit Inc.,https://github.com/discourse/discourse,Civilized Discourse Construction Kit Inc.,Discourse,Software as a Service,15417.0,6701.0,9443.0,2777.0,46651.0,8860.0,173.0,881.0,Ruby,2013-01-12T00:25:55Z,2026-03-29T23:17:18Z,2026-03-29T23:40:18Z,main,GPL-2.0,False,875614.0,0.8350505828857422
EXIM-Mail_Server.cdx,0,0,0,0,0,0,Mail Server,EXIM,https://github.com/Exim/exim,EXIM,Mail Server,Email Software,252.0,62.0,117.0,27.0,780.0,189.0,26.0,69.0,C,2011-11-18T10:56:08Z,2026-03-29T18:27:46Z,2025-12-29T00:15:32Z,master,,True,86671.0,0.0826559066772461
Eucalyptus_Systems-Eucalyptus_Systems.cdx,0,0,1,0,10,1,Eucalyptus Systems,Eucalyptus Systems,https://github.com/eucalyptus/eucalyptus,Eucalyptus Systems,Eucalyptus Systems,Infrastructure as a Service,26227.0,19722.0,3058.0,1386.0,861.0,264.0,0.0,113.0,Java,2011-05-24T20:36:49Z,2026-03-17T07:08:36Z,2021-07-21T20:42:24Z,master,NOASSERTION,True,115651.0,0.1102933883666992
FACEBOOK-Presto.cdx,0,9,4,2,1668,15,Presto,FACEBOOK,https://github.com/prestodb/presto,FACEBOOK,Presto,Big Data Processing,143057.0,98318.0,22940.0,11374.0,16668.0,5532.0,2841.0,826.0,Java,2012-08-09T01:03:37Z,2026-03-28T01:59:34Z,2026-03-27T22:43:55Z,master,Apache-2.0,False,272978.0,0.2603321075439453
ISC-BIND.cdx,0,0,0,0,14,0,BIND,ISC,https://github.com/isc-projects/bind9,ISC,BIND,Infrastructure as a Service,89316.0,59418.0,21865.0,9245.0,737.0,172.0,0.0,19.0,C,2017-11-27T19:09:20Z,2026-03-29T18:39:30Z,2025-08-06T12:40:45Z,main,MPL-2.0,True,420034.0,0.4005756378173828
Kaltura-Kaltura.cdx,0,0,0,0,4,0,Kaltura,Kaltura,https://github.com/kaltura/server,Kaltura,Kaltura,Software as a Service,88527.0,62166.0,29772.0,17215.0,400.0,183.0,356.0,88.0,PHP,2013-07-12T08:59:26Z,2026-03-25T07:39:59Z,2026-03-29T12:06:17Z,Venus-22.16.0,AGPL-3.0,False,321357.0,0.3064699172973633
Lavabit-Lavabit_Enterprise_Solutions.cdx,0,0,0,0,0,0,Lavabit Enterprise Solutions,Lavabit,https://github.com/lavabit/magma,Lavabit,Lavabit Enterprise Solutions,Email Software,1.0,0.0,1.0,0.0,1838.0,165.0,49.0,113.0,C,2014-12-23T01:27:17Z,2026-03-26T19:19:56Z,2025-03-06T05:12:37Z,develop,AGPL-3.0,False,586409.0,0.5592432022094727
Live_Helper-Live_Helper_Chat.cdx,0,14,7,3,1040,24,Live Helper Chat,Live Helper,https://github.com/LiveHelperChat/livehelperchat,Live Helper,Live Helper Chat,Live Chats,4427.0,843.0,2851.0,273.0,2205.0,736.0,136.0,170.0,PHP,2012-12-08T14:58:36Z,2026-03-29T17:19:54Z,2026-03-27T19:01:20Z,master,Apache-2.0,False,396904.0,0.3785171508789062
MoinMoin_GmbH-MoinMoin.cdx,0,0,0,0,8,0,MoinMoin,MoinMoin GmbH,https://github.com/moinwiki/moin,MoinMoin GmbH,MoinMoin,Software as a Service,13204.0,11843.0,1036.0,627.0,365.0,103.0,122.0,24.0,Python,2018-08-16T21:27:34Z,2026-03-24T15:09:40Z,2026-03-24T16:12:41Z,master,NOASSERTION,False,14255.0,0.013594627380371
MyBB_Group-MyBB.cdx,0,0,0,0,63,0,MyBB,MyBB Group,https://github.com/mybb/mybb,MyBB Group,MyBB,Software as a Service,228.0,34.0,199.0,30.0,1203.0,429.0,303.0,89.0,PHP,2012-06-13T10:34:46Z,2026-03-27T23:29:43Z,2026-03-21T21:07:55Z,dev-1.9,LGPL-3.0,False,43606.0,0.0415859222412109
NodeBB-NodeBB.cdx,0,0,0,0,13,0,NodeBB,NodeBB,https://github.com/NodeBB/NodeBB,NodeBB,NodeBB,Software as a Service,424.0,53.0,185.0,44.0,15034.0,2941.0,181.0,356.0,JavaScript,2013-04-22T16:49:40Z,2026-03-28T19:16:21Z,2026-03-29T09:37:20Z,master,GPL-3.0,False,104835.0,0.0999784469604492
POSTFIX-Mail_Server.cdx,0,0,0,0,0,0,Mail Server,POSTFIX,https://github.com/vdukhovni/postfix,POSTFIX,Mail Server,Email Software,177822.0,103608.0,47310.0,20896.0,531.0,147.0,2.0,51.0,C,2013-02-16T20:48:16Z,2026-03-26T01:44:07Z,2026-03-20T13:04:00Z,master,NOASSERTION,False,40054.0,0.0381984710693359
PowerDNS-DNS_Server.cdx,1,1,0,0,393,2,DNS Server,PowerDNS,https://github.com/PowerDNS/pdns,PowerDNS,DNS Server,Infrastructure as a Service,1761.0,1573.0,248.0,190.0,4329.0,994.0,936.0,127.0,C++,2013-04-26T11:16:49Z,2026-03-28T19:16:22Z,2026-03-29T04:35:28Z,master,GPL-2.0,False,107382.0,0.1024074554443359
Simple_Machines-Simple_Machines_Forum.cdx,0,0,0,0,21,0,Simple Machines Forum,Simple Machines,https://github.com/SimpleMachines/SMF,Simple Machines,Simple Machines Forum,Software as a Service,1941.0,937.0,978.0,390.0,714.0,270.0,139.0,64.0,PHP,2012-01-24T16:36:19Z,2026-03-28T13:15:07Z,2026-03-21T16:56:04Z,release-3.0,NOASSERTION,False,73586.0,0.0701770782470703
The_Apache_Software_Foundation-Apache_Ambari.cdx,37,146,105,1,1727,289,Apache Ambari,The Apache Software Foundation,https://github.com/apache/ambari,The Apache Software Foundation,Apache Ambari,Big Data Processing,131790.0,74902.0,28330.0,10334.0,2297.0,1742.0,136.0,195.0,Java,2011-09-23T07:00:08Z,2026-03-27T03:33:24Z,2026-02-20T08:19:55Z,trunk,Apache-2.0,False,377283.0,0.3598051071166992
The_Apache_Software_Foundation-Apache_Flink.cdx,0,4,1,0,666,5,Apache Flink,The Apache Software Foundation,https://github.com/apache/flink,The Apache Software Foundation,Apache Flink,Big Data Processing,672831.0,368263.0,159046.0,68632.0,25906.0,13906.0,321.0,916.0,Java,2014-06-07T07:00:10Z,2026-03-29T13:31:26Z,2026-03-29T10:05:16Z,master,Apache-2.0,False,542924.0,0.5177726745605469
The_Apache_Software_Foundation-Apache_Flume.cdx,4,5,0,0,151,9,Apache Flume,The Apache Software Foundation,https://github.com/apache/flume,The Apache Software Foundation,Apache Flume,Big Data Processing,151708.0,108162.0,28178.0,16456.0,2558.0,1550.0,91.0,223.0,Java,2011-08-12T18:20:14Z,2026-03-20T11:43:18Z,2024-10-10T11:41:45Z,trunk,Apache-2.0,False,45138.0,0.0430469512939453
The_Apache_Software_Foundation-Apache_Hadoop.cdx,15,64,47,0,1666,126,Apache Hadoop,The Apache Software Foundation,https://github.com/apache/hadoop,The Apache Software Foundation,Apache Hadoop,Big Data Processing,1537800.0,952164.0,305735.0,161002.0,15510.0,9206.0,124.0,965.0,Java,2014-08-28T07:00:08Z,2026-03-29T07:44:29Z,2026-03-29T17:24:05Z,trunk,Apache-2.0,False,605751.0,0.5776891708374023
The_Apache_Software_Foundation-Apache_Hadoop_HDFS.cdx,15,64,47,0,1666,126,Apache Hadoop HDFS,The Apache Software Foundation,,,,,,,,,,,,,,,,,,,,,
The_Apache_Software_Foundation-Apache_Hadoop_MapReduce.cdx,15,64,47,0,1666,126,Apache Hadoop MapReduce,The Apache Software Foundation,,,,,,,,,,,,,,,,,,,,,
The_Apache_Software_Foundation-Apache_Kafka.cdx,0,0,0,0,63,0,Apache Kafka,The Apache Software Foundation,https://github.com/apache/kafka,The Apache Software Foundation,Apache Kafka,Big Data Processing,618199.0,367007.0,130978.0,60033.0,32226.0,15070.0,325.0,1047.0,Java,2011-08-15T18:06:16Z,2026-03-29T21:46:29Z,2026-03-29T21:46:23Z,trunk,Apache-2.0,False,282389.0,0.2693071365356445
The_Apache_Software_Foundation-Apache_Kylin.cdx,1,0,0,0,321,1,Apache Kylin,The Apache Software Foundation,https://github.com/apache/kylin,The Apache Software Foundation,Apache Kylin,Big Data Processing,21974.0,9738.0,3107.0,716.0,3766.0,1514.0,80.0,256.0,Java,2015-01-03T08:00:05Z,2026-03-29T11:08:44Z,2026-03-13T08:55:11Z,kylin5,Apache-2.0,False,573833.0,0.5472497940063477
The_Apache_Software_Foundation-Apache_NiFi.cdx,0,3,0,0,2279,3,Apache NiFi,The Apache Software Foundation,https://github.com/apache/nifi,The Apache Software Foundation,Apache NiFi,Big Data Processing,211991.0,142931.0,45452.0,25532.0,6030.0,2937.0,43.0,189.0,Java,2014-12-12T08:00:05Z,2026-03-29T23:05:54Z,2026-03-29T19:33:20Z,main,Apache-2.0,False,304984.0,0.2908554077148437
The_Apache_Software_Foundation-Apache_Oozie.cdx,9,22,10,0,183,41,Apache Oozie,The Apache Software Foundation,https://github.com/apache/oozie,The Apache Software Foundation,Apache Oozie,Big Data Processing,274628.0,180373.0,59842.0,32502.0,728.0,471.0,49.0,70.0,Java,2011-09-14T07:00:10Z,2026-03-29T13:29:57Z,2025-01-27T08:38:13Z,master,Apache-2.0,True,32259.0,0.0307645797729492
The_Apache_Software_Foundation-Apache_Phoenix.cdx,0,2,0,0,169,2,Apache Phoenix,The Apache Software Foundation,https://github.com/apache/phoenix,The Apache Software Foundation,Apache Phoenix,Big Data Processing,26017.0,17128.0,4834.0,2927.0,1053.0,1011.0,127.0,81.0,Java,2014-06-04T07:00:08Z,2026-03-27T04:40:59Z,2026-03-27T03:30:35Z,master,Apache-2.0,False,92968.0,0.0886611938476562
The_Apache_Software_Foundation-Apache_Pig.cdx,0,0,0,0,15,0,Apache Pig,The Apache Software Foundation,https://github.com/apache/pig,The Apache Software Foundation,Apache Pig,Big Data Processing,69762.0,58822.0,9695.0,6316.0,689.0,445.0,9.0,74.0,Java,2009-05-21T01:10:43Z,2026-02-23T12:51:39Z,2025-09-15T11:23:44Z,trunk,Apache-2.0,False,91442.0,0.0872058868408203
The_Apache_Software_Foundation-Apache_Spark.cdx,1,0,0,0,483,1,Apache Spark,The Apache Software Foundation,https://github.com/apache/spark,The Apache Software Foundation,Apache Spark,Big Data Processing,1023126.0,602591.0,228584.0,108034.0,43056.0,29141.0,307.0,2001.0,Scala,2014-02-25T08:00:08Z,2026-03-29T17:37:34Z,2026-03-29T12:11:02Z,master,Apache-2.0,False,545454.0,0.5201854705810547
The_Apache_Software_Foundation-Apache_Spark_Streaming.cdx,1,0,0,0,483,1,Apache Spark Streaming,The Apache Software Foundation,,,,,,,,,,,,,,,,,,,,,
The_Apache_Software_Foundation-Apache_Storm.cdx,0,0,1,0,263,1,Apache Storm,The Apache Software Foundation,https://github.com/apache/storm,The Apache Software Foundation,Apache Storm,Big Data Processing,120546.0,85265.0,19527.0,9755.0,6675.0,4049.0,44.0,562.0,Java,2013-11-05T08:00:14Z,2026-03-28T14:08:51Z,2026-03-28T14:06:26Z,master,Apache-2.0,False,157044.0,0.1497688293457031
The_Apache_Software_Foundation-Apache_Tez.cdx,20,57,33,0,879,110,Apache Tez,The Apache Software Foundation,https://github.com/apache/tez,The Apache Software Foundation,Apache Tez,Big Data Processing,41977.0,32548.0,6268.0,3062.0,514.0,440.0,68.0,32.0,Java,2013-04-08T07:20:23Z,2026-03-24T08:30:16Z,2026-03-24T08:30:11Z,master,Apache-2.0,False,32384.0,0.0308837890625
The_Apache_Software_Foundation-Apache_YARN.cdx,15,64,47,0,1666,126,Apache YARN,The Apache Software Foundation,,,,,,,,,,,,,,,,,,,,,
fluxbb_org-FluxBB.cdx,0,0,0,0,0,0,FluxBB,fluxbb org,,,,,,,,,,,,,,,,,,,,,
jPlayer-jPlayer.cdx,0,0,0,0,0,0,jPlayer,jPlayer,https://github.com/jplayer/jPlayer,jPlayer,jPlayer,Software as a Service,192987.0,77776.0,127039.0,38279.0,4607.0,1450.0,164.0,284.0,JavaScript,2010-02-17T04:44:34Z,2026-03-27T08:54:02Z,2021-11-02T18:28:47Z,master,NOASSERTION,False,3802.0,0.0036258697509765
mediaelementjs_com-MediaElement_js.cdx,0,0,0,0,7,0,MediaElement js,mediaelementjs com,,,,,,,,,,,,,,,,,,,,,
phpBB-phpBB.cdx,0,1,1,0,104,2,phpBB,phpBB,https://github.com/phpbb/phpbb,phpBB,phpBB,Software as a Service,122177.0,104798.0,22808.0,12238.0,2050.0,994.0,44.0,95.0,PHP,2010-03-01T22:33:17Z,2026-03-29T20:38:46Z,2026-03-29T08:07:58Z,master,GPL-2.0,False,95699.0,0.0912656784057617
swdb_oss,0,9,4,2,1668,15,swdb oss,swdb oss,,,,,,,,,,,,,,,,,,,,,
test,0,0,0,0,0,0,test,test,,,,,,,,,,,,,,,,,,,,,
