repo_url,VendorName,Product,ProductCategory,Total Sites,US Sites,Total Enterprises,Enterprises in US,gh_stars,gh_forks,gh_open_issues,gh_watchers,gh_language,gh_created_at,gh_updated_at,gh_pushed_at,gh_default_branch,gh_license,gh_archived,gh_size_kb
https://github.com/Alluxio/alluxio,Alluxio Inc.,Alluxio,Big Data Processing,9096,4153,2152,832,7172,2948,1039,433,Java,2012-12-21T17:43:46Z,2026-03-30T00:00:46Z,2025-04-29T16:46:58Z,main,Apache-2.0,False,205633
https://github.com/Ametys/runtime,Ametys,Ametys,Web Content Management Systems,535,0,311,0,1,0,0,2,CSS,2016-11-16T19:06:43Z,2016-11-17T09:26:18Z,2016-11-16T19:18:27Z,master,Apache-2.0,False,79746
https://github.com/Automattic/jetpack,Jetpack,JetPack,Other Web Tools & Plugins,286504,158942,179352,78568,1795,865,2686,212,PHP,2013-12-16T16:43:01Z,2026-03-30T17:35:56Z,2026-03-30T17:43:49Z,trunk,NOASSERTION,False,701735
https://github.com/Automattic/liveblog,WordPress,Liveblog,Application Development Tools,4,1,4,1,314,124,31,132,PHP,2012-06-04T03:14:54Z,2026-03-30T12:15:29Z,2026-03-30T12:15:27Z,develop,GPL-2.0,False,45530
https://github.com/CONTENIDO/CONTENIDO,four for business AG,CONTENIDO,Web Content Management Systems,1257,38,1027,12,17,12,40,8,PHP,2019-09-07T10:37:39Z,2026-03-28T09:22:55Z,2026-03-28T09:22:51Z,develop,NOASSERTION,False,51756
https://github.com/Cacti/cacti,The Cacti Group Inc.,Cacti,IT Infrastructure & Ops Management,26333,15973,4302,1264,1815,438,207,119,PHP,2015-01-19T05:36:15Z,2026-03-30T03:16:24Z,2026-03-30T17:22:57Z,develop,GPL-2.0,False,301314
https://github.com/Countly/countly-server,Countly,Countly,Web Analytics,2426,346,1249,155,5841,980,37,213,JavaScript,2012-05-28T18:48:40Z,2026-03-30T08:22:54Z,2026-03-30T11:00:43Z,master,NOASSERTION,False,744127
https://github.com/EC-CUBE/ec-cube,ec-cube.net,EC-CUBE,E-Commerce Platform/Software,1517,9,1436,9,784,711,505,89,PHP,2014-11-28T02:58:26Z,2026-03-30T03:49:31Z,2026-03-30T02:52:47Z,4.3,NOASSERTION,False,198676
https://github.com/Exim/exim,EXIM,Mail Server,Email Software,252,62,117,27,780,189,26,69,C,2011-11-18T10:56:08Z,2026-03-29T18:27:46Z,2025-12-29T00:15:32Z,master,,True,86671
https://github.com/ExpressionEngine/ExpressionEngine,EllisLab,EllisLab ExpressionEngine,Web Content Management Systems,45542,34898,16978,9888,499,132,426,27,PHP,2018-11-12T23:49:23Z,2026-03-30T06:10:25Z,2026-03-30T12:32:37Z,7.dev,NOASSERTION,False,366163
https://github.com/Fantomas42/django-blog-zinnia,Django Blog Zinnia,Zinnia,Website Builders,2,0,2,0,2133,726,39,127,Python,2009-07-13T14:58:26Z,2026-03-25T15:35:12Z,2024-05-03T19:19:17Z,develop,BSD-3-Clause,False,7990
https://github.com/GetSimpleCMS/GetSimpleCMS,get-simple.info,GetSimple CMS,Web Content Management Systems,1250,812,548,186,418,120,322,59,PHP,2012-11-02T12:22:00Z,2026-03-12T08:45:14Z,2025-03-21T03:55:07Z,master,GPL-3.0,False,47173
https://github.com/HotcakesCommerce/hotcakes-commerce-core,Arrow Digital,Hotcakes,E-Commerce Platform/Software,62,29,56,24,69,56,97,16,C#,2017-06-08T16:15:56Z,2025-07-09T05:46:44Z,2025-04-03T15:07:15Z,development,MIT,False,476944
https://github.com/Icinga/icinga2,Icinga,Icinga,IT Infrastructure & Ops Management,45979,24644,13096,6677,2180,601,465,118,C++,2013-08-28T18:02:06Z,2026-03-27T09:22:04Z,2026-03-30T15:09:19Z,master,GPL-3.0,False,61690
https://github.com/ImpressCMS/impresscms,ImpressCMS,ImpressCMS,Web Content Management Systems,22,3,21,2,29,32,57,9,PHP,2015-07-24T09:30:52Z,2026-03-28T09:07:02Z,2026-03-28T09:06:53Z,main,,False,80887
https://github.com/Indexhibit/indexhibit,Indexhibit,Indexhibit,Web Content Management Systems,13,5,11,5,353,69,11,53,PHP,2016-06-07T21:06:00Z,2026-03-29T15:20:52Z,2024-03-27T09:33:50Z,master,,False,1866
https://github.com/Jahia/jahia,Jahia,Jahia,Web Content Management Systems,19445,11016,4763,1712,48,34,0,21,Java,2016-07-12T14:46:07Z,2026-03-25T17:45:09Z,2026-03-25T17:45:05Z,master,,False,406774
https://github.com/LiveHelperChat/livehelperchat,Live Helper,Live Helper Chat,Live Chats,4427,843,2851,273,2205,736,136,170,PHP,2012-12-08T14:58:36Z,2026-03-30T13:50:06Z,2026-03-30T13:49:48Z,master,Apache-2.0,False,399400
https://github.com/MariaDB/server,MariaDB,MariaDB,Database Management,208073,109837,53532,15143,7381,2027,334,269,C++,2014-05-15T10:58:50Z,2026-03-30T17:35:50Z,2026-03-30T17:15:51Z,main,GPL-2.0,False,1630904
https://github.com/MasaCMS/MasaCMS,Blue River Interactive Group,Mura CMS,Web Content Management Systems,44498,37694,9584,6424,79,37,24,20,ColdFusion,2021-07-26T18:21:53Z,2026-03-23T09:47:07Z,2025-12-08T12:40:01Z,main,GPL-2.0,False,88854
https://github.com/Modernizr/Modernizr,Modernizr,Modernizr,Frameworks & Libraries,3109589,1415886,1634842,574789,25667,2948,193,867,JavaScript,2009-09-25T20:13:23Z,2026-03-30T13:16:40Z,2026-03-27T04:11:46Z,master,MIT,False,20535
https://github.com/NLnetLabs/nsd,NLnet Labs,NSD,Server,2,0,2,0,544,117,61,21,C,2017-06-13T10:01:17Z,2026-03-25T15:15:04Z,2026-03-25T08:24:45Z,master,BSD-3-Clause,False,204724
https://github.com/NLnetLabs/unbound,NLnet Labs,Unbound,Server,2,0,2,0,4371,431,352,65,C,2017-06-13T09:27:49Z,2026-03-30T14:16:03Z,2026-03-30T14:23:30Z,master,BSD-3-Clause,False,101783
https://github.com/NagiosEnterprises/nagioscore,Nagios Enterprises,Nagios,IT Infrastructure & Ops Management,422391,262709,90339,42572,1973,473,202,107,C,2014-01-21T21:33:23Z,2026-03-29T21:54:44Z,2026-03-25T14:24:55Z,master,GPL-2.0,False,27586
https://github.com/NetBSD/src,netBSD,netBSD,Operating System,1837,804,324,141,907,347,16,45,C,2017-04-16T20:03:43Z,2026-03-30T05:13:00Z,2026-03-27T18:52:10Z,trunk,,False,3322067
https://github.com/NodeBB/NodeBB,NodeBB,NodeBB,Software as a Service,424,53,185,44,15033,2941,181,356,JavaScript,2013-04-22T16:49:40Z,2026-03-30T13:45:15Z,2026-03-30T16:03:20Z,master,GPL-3.0,False,104966
https://github.com/OXID-eSales/oxideshop_ce,Oxid,Oxid,E-Commerce Platform/Software,430360,335456,100112,57628,238,199,4,55,PHP,2013-04-08T09:08:00Z,2026-03-30T11:50:53Z,2026-03-30T15:03:19Z,b-8.0.x,NOASSERTION,False,163424
https://github.com/Open-Web-Analytics/Open-Web-Analytics,Open Web Analytics,Open Web Analytics,Web Analytics,18040,9232,10658,4275,2655,484,117,110,PHP,2012-04-01T07:53:45Z,2026-03-28T20:56:45Z,2026-02-28T03:03:59Z,master,GPL-2.0,False,17038
https://github.com/OpenPrinting/cups,Apple,CUPS,Server,1398,1036,184,106,1552,276,47,31,C,2020-09-03T19:43:01Z,2026-03-30T15:15:02Z,2026-03-30T17:42:15Z,master,Apache-2.0,False,122695
https://github.com/OpenTSDB/opentsdb,OpenTSDB,OpenTSDB,Database Management,17921,10891,3035,1224,5064,1239,537,323,Java,2010-08-27T02:05:20Z,2026-03-20T04:29:10Z,2024-12-12T20:03:34Z,master,LGPL-2.1,False,41493
https://github.com/OrchardCMS/OrchardCore,NET FOUNDATION,Orchard CMS,Web Content Management Systems,33680,23421,6324,2487,8056,2555,926,331,C#,2014-11-19T22:29:26Z,2026-03-30T12:46:27Z,2026-03-30T16:59:25Z,main,BSD-3-Clause,False,290759
https://github.com/Orckestra/C1-CMS-Foundation,Orckestra Inc,C1 CMS,Web Content Management Systems,2311,1292,1077,459,260,109,256,54,C#,2015-09-25T12:47:08Z,2026-02-26T19:46:34Z,2025-12-19T11:46:47Z,dev,NOASSERTION,False,70232
https://github.com/PHPFusion/PHPFusion,php-fusion.co.uk,PHP-Fusion,Web Content Management Systems,5,3,4,2,119,115,33,43,PHP,2014-09-12T16:09:39Z,2026-03-30T15:43:22Z,2026-03-30T15:43:18Z,10.00.00-dev,AGPL-3.0,False,133636
https://github.com/Perl/perl5,Perl,Perl,Programming Languages,842162,515497,247929,107372,2251,616,2374,23,Perl,2013-02-13T17:10:40Z,2026-03-30T02:12:11Z,2026-03-29T21:57:39Z,blead,NOASSERTION,False,368735
https://github.com/PowerDNS/pdns,PowerDNS,DNS Server,Infrastructure as a Service,1761,1573,248,190,4330,994,934,127,C++,2013-04-26T11:16:49Z,2026-03-30T14:59:45Z,2026-03-30T15:04:28Z,master,GPL-2.0,False,107155
https://github.com/PrestaShop/PrestaShop,PrestaShop,Commerce Software,E-Commerce Platform/Software,60547,9288,35570,2480,9028,5035,2440,443,PHP,2012-11-19T16:41:31Z,2026-03-30T15:23:25Z,2026-03-30T16:09:45Z,develop,NOASSERTION,False,788242
https://github.com/Redocly/redoc,GitHub,ReDoc,Application Development Tools,2393,1612,562,304,25587,2388,435,296,TypeScript,2015-10-30T12:53:02Z,2026-03-30T16:53:40Z,2026-02-07T06:18:05Z,main,MIT,False,62450
https://github.com/SeleniumHQ/selenium,Selenium,Selenium,Application Development Tools,836590,495828,202659,87615,34167,8668,198,1259,Java,2013-01-14T21:40:56Z,2026-03-30T17:05:00Z,2026-03-30T16:13:13Z,trunk,Apache-2.0,False,2332383
https://github.com/SeleniumHQ/selenium-ide,Selenium HQ,Selenium IDE,Application Development Tools,836590,495828,202659,87615,3093,839,452,160,TypeScript,2017-08-08T11:37:00Z,2026-03-30T10:20:03Z,2026-02-06T07:28:57Z,trunk,Apache-2.0,False,34069
https://github.com/Semantic-Org/Semantic-UI,Semantic UI,Semantic-ui,Frameworks & Libraries,63105,35065,18634,5856,51120,4891,1074,1274,JavaScript,2013-04-08T23:32:04Z,2026-03-30T09:36:16Z,2024-11-27T21:01:48Z,master,MIT,False,113201
https://github.com/SimpleMachines/SMF,Simple Machines,Simple Machines Forum,Software as a Service,1941,937,978,390,714,270,139,64,PHP,2012-01-24T16:36:19Z,2026-03-28T13:15:07Z,2026-03-21T16:56:04Z,release-3.0,NOASSERTION,False,73586
https://github.com/SonarSource/sonarqube,SonarSource SA,SonarQube,Application Development Tools,409836,258354,87080,41951,10382,2173,0,337,Java,2011-01-05T11:05:17Z,2026-03-30T16:14:52Z,2026-03-27T20:13:31Z,master,LGPL-3.0,False,962084
https://github.com/Sylius/Sylius,Sylius,Sylius,E-Commerce Platform/Software,1215,93,864,80,8436,2164,258,257,PHP,2011-11-05T22:05:52Z,2026-03-30T13:19:49Z,2026-03-30T13:19:14Z,2.3,MIT,False,360802
https://github.com/TYPO3/typo3,TYPO3,TYPO3,Web Content Management Systems,157418,25579,80378,6517,1178,698,5,108,PHP,2011-03-02T10:02:23Z,2026-03-30T17:12:10Z,2026-03-30T17:12:05Z,main,GPL-2.0,False,641222
https://github.com/TritonDataCenter/smartos-live,Joyent,SmartOS,Operating System,181,55,70,22,1657,248,363,166,C,2011-08-14T01:08:28Z,2026-03-21T06:52:00Z,2026-03-30T15:33:33Z,master,,False,52365
https://github.com/TryGhost/Ghost,GHOST,Ghost,Web Content Management Systems,10548,4485,5838,1732,52243,11408,361,1011,JavaScript,2013-05-04T11:09:13Z,2026-03-30T17:31:36Z,2026-03-30T17:41:40Z,main,MIT,False,456146
https://github.com/VirtoCommerce/vc-platform,VIRTO SOLUTIONS LTD,Virto Commerce,E-Commerce Platform/Software,168,166,17,16,1286,855,60,140,C#,2013-10-24T07:44:30Z,2026-03-27T22:31:10Z,2026-03-30T13:05:35Z,dev,NOASSERTION,False,241563
https://github.com/VoltDB/voltdb,VoltDB,VoltDB,Database Management,7723,3860,1777,900,,,,,,,,,,,,
https://github.com/Waikato/weka-3.8,University of Waikato,Weka,Data Science & Machine Learning,25322,17289,4230,2292,190,99,18,7,Java,2018-05-30T09:25:20Z,2026-03-28T06:55:43Z,2022-08-10T01:25:51Z,master,,True,293979
https://github.com/WebsiteBaker-modules/websitebaker,WebsiteBaker Org. e.V.,WebsiteBaker,Web Content Management Systems,215835,151712,56796,23824,,,,,,,,,,,,
https://github.com/WellCommerce/WellCommerce,WellCommerce,WellCommerce,E-Commerce Platform/Software,9,0,4,0,,,,,,,,,,,,
https://github.com/WordPress/WordPress,WordPress,WordPress,Web Content Management Systems,7357440,3109250,4676076,1536192,20984,12928,11,1428,PHP,2011-12-01T07:05:17Z,2026-03-30T14:28:28Z,2026-03-30T14:28:06Z,master,NOASSERTION,False,628255
https://github.com/XOOPS/XoopsCore25,xoops.org,XOOPS,Web Content Management Systems,13671,8595,5998,3463,73,63,15,19,PHP,2015-09-22T13:21:34Z,2026-03-30T11:16:41Z,2026-03-30T11:16:45Z,master,GPL-2.0,False,63082
https://github.com/abantecart/abantecart-src,AbanteCart,AbanteCart,E-Commerce Platform/Software,117,40,101,26,150,170,10,35,PHP,2011-12-04T17:15:38Z,2026-02-03T13:49:26Z,2026-03-30T16:42:59Z,master,OSL-3.0,False,159084
https://github.com/aerospike/aerospike-server,Aerospike,Aerospike,Database Management,23217,12509,5105,1966,1328,198,6,85,C,2018-03-08T00:59:46Z,2026-03-22T03:32:42Z,2026-03-16T22:40:12Z,master,NOASSERTION,False,6513
https://github.com/akka/akka-http,Lightbend,Akka HTTP,Frameworks & Libraries,48560,37119,4689,1711,1348,587,580,69,Scala,2016-08-19T11:33:36Z,2026-03-26T12:39:35Z,2026-03-26T12:39:32Z,main,NOASSERTION,False,18761
https://github.com/alkacon/opencms-core,Alkacon Software GmbH,OpenCms,Web Content Management Systems,37458,20476,8471,1928,565,683,14,93,Java,2011-06-28T11:17:50Z,2026-03-25T00:00:37Z,2026-03-25T00:00:11Z,master,LGPL-2.1,False,995965
https://github.com/angular/angular,Angular,AngularJS,Frameworks & Libraries,1575125,828513,540504,213320,100102,27149,1115,2966,TypeScript,2014-09-18T16:12:01Z,2026-03-30T17:02:41Z,2026-03-30T10:47:07Z,main,MIT,False,621197
https://github.com/angular/components,Google,Angular Material,Frameworks & Libraries,9541,4378,3416,1372,25010,6845,2007,861,TypeScript,2016-01-04T18:50:02Z,2026-03-30T07:53:06Z,2026-03-30T09:46:07Z,main,MIT,False,152217
https://github.com/ansible/ansible,Red Hat,Ansible,Application Development Tools,669394,422046,157517,69193,68360,24164,792,1871,Python,2012-03-06T14:58:02Z,2026-03-30T16:49:33Z,2026-03-28T12:19:07Z,devel,GPL-3.0,False,263746
https://github.com/ant-design/ant-design,Ant Design,Ant Design,Programming Languages,56519,4976,6447,1514,97749,54572,1357,240,TypeScript,2015-04-24T15:37:24Z,2026-03-30T15:40:39Z,2026-03-30T15:40:27Z,master,MIT,False,257795
https://github.com/aolserver/aolserver,Verizon Media,AOLserver,Server,527,279,142,62,313,46,6,12,C,2010-04-10T03:11:20Z,2026-02-25T23:12:39Z,2022-10-11T07:03:23Z,master,NOASSERTION,False,6267
https://github.com/apache/accumulo,The Apache Software Foundation,Apache Accumulo,Database Management,14611,9648,2922,1492,1140,478,352,73,Java,2011-10-06T07:00:09Z,2026-03-29T06:51:06Z,2026-03-27T22:37:37Z,main,Apache-2.0,False,119803
https://github.com/apache/ambari,The Apache Software Foundation,Apache Ambari,Big Data Processing,131790,74902,28330,10334,2297,1742,136,195,Java,2011-09-23T07:00:08Z,2026-03-27T03:33:24Z,2026-02-20T08:19:55Z,trunk,Apache-2.0,False,377283
https://github.com/apache/apex-core,The Apache Software Foundation,Apache Apex,Big Data Processing,3704,2426,643,388,350,171,2,47,Java,2015-08-25T07:00:05Z,2025-11-09T12:19:27Z,2021-06-07T08:25:09Z,master,Apache-2.0,True,14807
https://github.com/apache/cassandra,The Apache Software Foundation,Apache Cassandra,Database Management,399817,269036,80149,44359,9675,3854,615,430,Java,2009-05-21T02:10:09Z,2026-03-30T00:00:37Z,2026-03-27T17:07:58Z,trunk,Apache-2.0,False,458620
https://github.com/apache/chukwa,The Apache Software Foundation,Apache Chukwa,Database Management,5477,4025,914,416,85,39,3,15,Java,2012-04-07T07:00:24Z,2026-02-12T16:47:51Z,2019-03-31T22:35:18Z,master,Apache-2.0,True,49152
https://github.com/apache/cloudstack,Citrix Systems Inc,CloudStack,Infrastructure as a Service,21241,12123,6683,4899,2849,1291,689,143,Java,2013-04-29T22:27:12Z,2026-03-30T14:04:51Z,2026-03-30T16:00:41Z,main,Apache-2.0,False,656056
https://github.com/apache/couchdb,The Apache Software Foundation,Apache CouchDB,Database Management,78543,49946,18262,10597,6848,1068,367,219,Erlang,2009-05-21T02:03:38Z,2026-03-30T16:02:20Z,2026-03-29T21:53:35Z,main,Apache-2.0,False,48867
https://github.com/apache/drill,The Apache Software Foundation,Apache Drill,Database Management,77058,51076,14544,5320,2013,984,128,141,Java,2012-09-05T07:00:26Z,2026-03-27T06:48:08Z,2026-03-13T14:35:42Z,master,Apache-2.0,False,70733
https://github.com/apache/druid,druidio,Druid,Database Management,48199,28947,7234,2890,13965,3777,794,564,Java,2012-10-23T19:08:07Z,2026-03-30T15:08:54Z,2026-03-30T15:08:08Z,master,Apache-2.0,False,414653
https://github.com/apache/flex-sdk,The Apache Software Foundation,Apache Flex,Application Development Tools,87557,69549,16731,10595,366,147,3,94,ActionScript,2012-08-30T07:00:23Z,2026-03-05T21:17:47Z,2024-03-04T21:47:43Z,develop,Apache-2.0,False,269028
https://github.com/apache/flink,The Apache Software Foundation,Apache Flink,Big Data Processing,672831,368263,159046,68632,25907,13907,321,916,Java,2014-06-07T07:00:10Z,2026-03-30T14:06:07Z,2026-03-30T14:05:28Z,master,Apache-2.0,False,543007
https://github.com/apache/flume,The Apache Software Foundation,Apache Flume,Big Data Processing,151708,108162,28178,16456,2558,1550,91,223,Java,2011-08-12T18:20:14Z,2026-03-20T11:43:18Z,2024-10-10T11:41:45Z,trunk,Apache-2.0,False,45138
https://github.com/apache/giraph,The Apache Software Foundation,Apache Giraph,Big Data Processing,3291,2612,481,328,620,299,32,60,Java,2011-08-28T07:00:33Z,2026-03-08T18:21:33Z,2023-04-14T18:34:58Z,trunk,Apache-2.0,True,26962
https://github.com/apache/hadoop,The Apache Software Foundation,Apache Hadoop,Big Data Processing,1537800,952164,305735,161002,15511,9209,124,965,Java,2014-08-28T07:00:08Z,2026-03-30T10:39:42Z,2026-03-30T11:18:29Z,trunk,Apache-2.0,False,606646
https://github.com/apache/hbase,Hbase,Hbase,Data Integration,758634,433594,150010,78058,5574,3395,363,384,Java,2014-05-23T07:00:07Z,2026-03-30T10:45:55Z,2026-03-30T10:28:08Z,master,Apache-2.0,False,514001
https://github.com/apache/hive,APACHE,Hive,Database Management,1231444,700308,231090,113800,6013,4789,62,307,Java,2009-05-21T02:31:01Z,2026-03-30T13:15:28Z,2026-03-27T08:39:22Z,master,Apache-2.0,False,749464
https://github.com/apache/httpd,The Apache Software Foundation,Apache HTTP Server,Application Server Software,110325,63619,18846,6247,3942,1229,91,227,C,2009-05-20T02:02:59Z,2026-03-30T14:20:59Z,2026-03-28T12:48:15Z,trunk,Apache-2.0,False,350418
https://github.com/apache/jmeter,The Apache Software Foundation,Apache JMeter,Testing & QA,430060,256638,94505,43191,9299,2274,938,317,Java,2010-05-26T23:38:07Z,2026-03-30T10:56:20Z,2026-03-28T09:52:24Z,master,Apache-2.0,False,136067
https://github.com/apache/kafka,The Apache Software Foundation,Apache Kafka,Big Data Processing,618199,367007,130978,60033,32235,15070,320,1047,Java,2011-08-15T18:06:16Z,2026-03-30T16:13:34Z,2026-03-30T16:00:20Z,trunk,Apache-2.0,False,282801
https://github.com/apache/kylin,The Apache Software Foundation,Apache Kylin,Big Data Processing,21974,9738,3107,716,3765,1514,80,256,Java,2015-01-03T08:00:05Z,2026-03-30T07:19:51Z,2026-03-13T08:55:11Z,kylin5,Apache-2.0,False,573833
https://github.com/apache/mahout,The Apache Software Foundation,Apache Mahout,Data Science & Machine Learning,34304,24104,12333,6081,2276,989,77,218,Rust,2014-05-23T07:00:07Z,2026-03-30T17:10:16Z,2026-03-30T17:11:19Z,main,Apache-2.0,False,85486
https://github.com/apache/mesos,The Apache Software Foundation,Apache Mesos,Containerization,121280,84025,27494,15564,5364,1666,11,356,C++,2013-07-17T07:00:13Z,2026-03-25T22:58:50Z,2024-08-23T18:59:16Z,master,Apache-2.0,False,421954
https://github.com/apache/mina,The Apache Software Foundation,Apache MINA,Application Server Software,3266,1235,707,223,919,427,3,96,Java,2009-05-21T01:13:51Z,2026-03-26T17:32:34Z,2026-01-18T21:53:35Z,trunk,Apache-2.0,False,16686
https://github.com/apache/netbeans,Oracle,Oracle NetBeans,Application Development Tools,47200,31096,8575,4392,3034,921,1073,163,Java,2017-09-01T07:00:11Z,2026-03-30T08:56:44Z,2026-03-27T11:08:02Z,master,Apache-2.0,False,424938
https://github.com/apache/nifi,The Apache Software Foundation,Apache NiFi,Big Data Processing,211991,142931,45452,25532,6031,2937,41,189,Java,2014-12-12T08:00:05Z,2026-03-30T17:10:25Z,2026-03-30T17:10:17Z,main,Apache-2.0,False,304218
https://github.com/apache/oozie,The Apache Software Foundation,Apache Oozie,Big Data Processing,274628,180373,59842,32502,728,471,49,70,Java,2011-09-14T07:00:10Z,2026-03-29T13:29:57Z,2025-01-27T08:38:13Z,master,Apache-2.0,True,32259
https://github.com/apache/phoenix,The Apache Software Foundation,Apache Phoenix,Big Data Processing,26017,17128,4834,2927,1053,1011,128,81,Java,2014-06-04T07:00:08Z,2026-03-27T04:40:59Z,2026-03-27T03:30:35Z,master,Apache-2.0,False,92968
https://github.com/apache/pig,The Apache Software Foundation,Apache Pig,Big Data Processing,69762,58822,9695,6316,689,445,9,74,Java,2009-05-21T01:10:43Z,2026-02-23T12:51:39Z,2025-09-15T11:23:44Z,trunk,Apache-2.0,False,91442
https://github.com/apache/predictionio,The Apache Software Foundation,Apache PredictionIO,Data Science & Machine Learning,4880,2211,2177,939,12529,1914,80,744,Scala,2013-01-25T19:42:32Z,2026-03-23T07:02:58Z,2021-01-09T10:30:58Z,develop,Apache-2.0,True,36295
https://github.com/apache/spark,The Apache Software Foundation,Apache Spark,Big Data Processing,1023126,602591,228584,108034,43060,29140,306,2001,Scala,2014-02-25T08:00:08Z,2026-03-30T17:23:44Z,2026-03-30T17:23:38Z,master,Apache-2.0,False,545497
https://github.com/apache/storm,The Apache Software Foundation,Apache Storm,Big Data Processing,120546,85265,19527,9755,6675,4049,38,562,Java,2013-11-05T08:00:14Z,2026-03-30T11:35:54Z,2026-03-30T11:35:45Z,master,Apache-2.0,False,157079
https://github.com/apache/subversion,CollabNet,Subversion,Application Development Tools,467526,340862,137982,70748,628,191,3,36,C,2009-12-31T09:00:10Z,2026-03-29T01:32:36Z,2026-03-29T01:32:32Z,trunk,Apache-2.0,False,218612
https://github.com/apache/tez,The Apache Software Foundation,Apache Tez,Big Data Processing,41977,32548,6268,3062,514,440,67,32,Java,2013-04-08T07:20:23Z,2026-03-30T14:25:46Z,2026-03-30T14:24:01Z,master,Apache-2.0,False,32387
https://github.com/apache/tomcat,The Apache Software Foundation,Apache Tomcat,Operating System,876080,463286,207250,79968,8129,5359,26,475,Java,2011-10-01T07:00:19Z,2026-03-30T13:06:15Z,2026-03-30T16:24:03Z,main,Apache-2.0,False,194087
https://github.com/apache/trafficserver,The Apache Software Foundation,Apache Traffic Server,Server,287102,194627,98623,51032,1938,854,422,149,C++,2009-10-31T08:00:10Z,2026-03-27T22:35:47Z,2026-03-27T22:35:43Z,master,Apache-2.0,False,172837
https://github.com/apache/trafodion,The Apache Software Foundation,Apache Trafodion,Database Management,196,49,34,18,245,150,24,41,C++,2015-05-27T07:00:05Z,2026-03-17T07:11:04Z,2021-06-07T08:26:11Z,master,,True,88977
https://github.com/apache/xmlrpc,APACHE,XML-RPC,Application Server Software,734483,358187,524559,225544,,,,,,,,,,,,
https://github.com/apache/zookeeper,The Apache Software Foundation,Apache Zookeeper,Software Configuration Management,228372,143045,42493,24336,12743,7327,226,654,Java,2009-03-27T15:41:56Z,2026-03-30T06:48:15Z,2026-03-27T17:59:09Z,master,Apache-2.0,False,154867
https://github.com/apollographql/apollo-client,Apollo GraphQL,Apollo Client,Application Development Tools,37285,19753,11501,4561,19717,2707,418,258,TypeScript,2016-02-26T20:25:00Z,2026-03-30T04:44:33Z,2026-03-28T09:03:21Z,main,MIT,False,100207
https://github.com/apple/swift,Apple,Swift,Programming Languages,55702,40264,9862,4830,69867,10692,8773,2400,Swift,2015-10-23T21:15:07Z,2026-03-30T17:18:48Z,2026-03-30T17:42:34Z,main,Apache-2.0,False,1324975
https://github.com/aurelia/framework,Blue Spire Consulting Inc.,Aurelia,Frameworks & Libraries,32247,26240,9217,6001,11688,612,60,383,TypeScript,2014-12-10T19:22:29Z,2026-03-29T08:14:22Z,2023-01-27T11:32:58Z,master,MIT,False,3253
https://github.com/backdrop/backdrop,backdropcms,Backdrop,Web Content Management Systems,369,97,230,70,1034,399,734,64,PHP,2013-08-22T01:50:58Z,2026-03-30T01:07:04Z,2026-03-30T01:07:20Z,1.x,GPL-2.0,False,83966
https://github.com/basho/riak,Basho,Basho Riak,Database Management,37086,27585,10710,4950,4018,529,154,250,Shell,2010-04-16T14:51:16Z,2026-03-19T01:34:11Z,2024-05-01T19:27:08Z,develop,Apache-2.0,False,46600
https://github.com/berkeleydb/libdb,Oracle,Oracle Berkeley DB,Database Management,10602,8383,1210,649,385,85,2,13,C,2011-09-13T18:37:21Z,2026-03-11T23:01:39Z,2023-10-21T14:20:18Z,master,,False,84412
https://github.com/bitcoin/bitcoin,Bitcoin,Bitcoin,Blockchain,121625,60733,21283,10104,88627,38868,698,4049,C++,2010-12-19T15:16:43Z,2026-03-30T16:32:32Z,2026-03-30T12:11:12Z,master,MIT,False,310659
https://github.com/bloomreach/brXM,BloomReach,Hippo,Web Content Management Systems,54328,44584,8584,4674,27,14,0,16,,2020-07-08T15:57:44Z,2026-02-20T21:38:24Z,2026-02-02T10:18:08Z,main,Apache-2.0,False,244568
https://github.com/bolt/core,Bolt,Bolt,Web Content Management Systems,1950,1317,839,376,584,179,47,17,PHP,2018-05-28T15:18:59Z,2026-03-30T17:28:16Z,2026-03-30T11:42:43Z,6.0,MIT,False,62612
https://github.com/buddypress/buddypress,BuddyPress,BuddyPress,Software as a Service,32934,23231,12415,5405,245,172,19,28,PHP,2013-04-13T11:56:03Z,2026-03-28T02:40:33Z,2026-01-26T19:28:07Z,master,,False,77112
https://github.com/bugzilla/bugzilla,Mozilla Foundation,Bugzilla,Testing & QA,162801,91741,41811,16326,810,313,33,49,Perl,2014-03-12T14:49:38Z,2026-03-30T15:58:19Z,2026-02-19T03:07:34Z,5.2,MPL-2.0,False,75100
https://github.com/cakephp/cakephp,Cake Software Foundation Inc.,CakePHP,Frameworks & Libraries,27597,7994,15692,3054,8795,3378,24,516,PHP,2010-05-08T14:38:22Z,2026-03-27T19:46:32Z,2026-03-30T17:32:09Z,5.x,MIT,False,117606
https://github.com/capistrano/capistrano,capistranorb,Capistrano,Application Development Tools,10719,4825,3189,771,12925,1756,62,310,Ruby,2009-02-26T16:14:04Z,2026-03-29T11:12:28Z,2026-01-03T00:26:07Z,master,MIT,False,4640
https://github.com/cdapio/cdap,Cask Data,Cask Data Application Platform,Big Data Processing,4641,3741,497,257,788,350,121,93,Java,2014-08-02T09:00:10Z,2026-03-27T13:44:16Z,2026-03-30T13:30:24Z,develop,NOASSERTION,False,642930
https://github.com/cesanta/mongoose,CESANTA,Mongoose,Server,6701,1514,493,266,12628,2892,13,467,C,2012-08-14T15:09:51Z,2026-03-30T09:32:34Z,2026-03-28T22:23:16Z,master,NOASSERTION,False,38922
https://github.com/cfengine/core,CFEngine,CFEngine,Software Configuration Management,29767,23190,7229,5178,521,197,5,51,C,2012-02-25T09:19:05Z,2026-03-20T12:50:22Z,2026-03-20T14:34:06Z,master,NOASSERTION,False,70891
https://github.com/chef/chef,Opscode,Opscode Chef,IT Infrastructure & Ops Management,271739,184669,58088,28050,8339,2526,370,352,Ruby,2009-01-15T20:40:48Z,2026-03-30T13:15:41Z,2026-03-30T17:20:25Z,main,Apache-2.0,False,392634
https://github.com/cherokee/webserver,CHEROKEE,Cherokee,Server,33332,28534,13436,9926,574,108,435,52,C,2011-10-11T12:19:24Z,2026-03-10T22:05:04Z,2023-01-11T20:34:30Z,master,GPL-2.0,False,39690
https://github.com/ckeditor/ckeditor5,CKSource sp. z.o.o. sp.k.,CKEditor,Application Development Tools,530243,237880,203690,77074,10391,3739,876,146,Rich Text Format,2015-01-08T12:13:59Z,2026-03-30T16:14:42Z,2026-03-30T14:27:12Z,master,NOASSERTION,False,652295
https://github.com/clojure/clojure,Clojure,Clojure,Programming Languages,59239,37881,15108,9262,10833,1456,0,681,Java,2010-06-29T20:03:33Z,2026-03-30T12:39:56Z,2026-01-16T14:55:13Z,master,,False,19313
https://github.com/cmsmadesimple/cmsmadesimple2,CMS Made Simple,CMS Made Simple,Web Content Management Systems,16837,5657,11671,2420,,,,,,,,,,,,
https://github.com/codeigniter4/CodeIgniter4,CodeIgniter,CodeIgniter,Frameworks & Libraries,193554,70191,76167,18825,5871,1972,34,276,PHP,2015-08-27T03:32:45Z,2026-03-30T14:48:15Z,2026-03-29T19:16:50Z,develop,MIT,False,363089
https://github.com/codemirror/dev,Codemirror,CodeMirror,Application Development Tools,85472,40370,43507,14601,7773,472,17,70,JavaScript,2018-08-28T12:10:35Z,2026-03-30T13:39:52Z,2026-01-22T08:42:13Z,main,NOASSERTION,False,3746
https://github.com/concretecms/concretecms,Concrete5,Concrete5,Web Content Management Systems,80882,59179,28024,13456,827,470,530,72,PHP,2014-04-22T18:12:28Z,2026-03-20T17:06:53Z,2026-03-29T01:24:26Z,9.5.x,MIT,False,307300
https://github.com/contao/contao,contao.org,Contao,Web Content Management Systems,23575,1759,17985,341,420,169,431,34,PHP,2018-08-15T07:18:30Z,2026-03-30T16:02:48Z,2026-03-27T16:46:17Z,main,LGPL-3.0,False,138665
https://github.com/cubecart/v6,CubeCart,Commerce Software,Commerce Application,11286,10154,1688,986,74,57,7,16,PHP,2014-06-24T16:38:00Z,2026-03-25T20:19:18Z,2026-03-25T20:19:14Z,v6.5-master,,False,47980
https://github.com/cucumber/cucumber,Cucumber,Cucumber,Testing & QA,455703,303749,108710,53604,3349,683,45,212,,2015-06-21T04:37:35Z,2026-03-29T18:25:25Z,2026-03-11T16:37:58Z,main,MIT,False,129995
https://github.com/cucumber/cucumber-js,Cucumber,Cucumberjs,Testing & QA,455703,303749,108710,53604,5300,1108,53,203,TypeScript,2011-05-27T21:27:17Z,2026-03-30T07:32:08Z,2026-03-28T07:05:28Z,main,MIT,False,30053
https://github.com/d3/d3,Data Driven Documents,D3js,Charting,310035,162557,100961,40373,112654,22782,30,3555,Shell,2010-09-27T17:22:42Z,2026-03-30T16:08:41Z,2025-12-02T17:48:19Z,main,ISC,False,59349
https://github.com/dart-lang/sdk,Dart,Dart,Programming Languages,63273,28693,17552,9385,11095,1787,8394,292,Dart,2015-05-16T14:14:58Z,2026-03-30T17:14:10Z,2026-03-30T17:16:13Z,main,BSD-3-Clause,False,1592006
https://github.com/datawrapper/datawrapper,Settings,Datawrapper,Charting,10710,6237,4801,2027,1435,278,75,76,TypeScript,2012-07-06T08:54:49Z,2026-03-27T13:49:51Z,2025-03-30T20:06:30Z,main,,False,39960
https://github.com/discourse/discourse,Civilized Discourse Construction Kit Inc.,Discourse,Software as a Service,15417,6701,9443,2777,46653,8861,160,881,Ruby,2013-01-12T00:25:55Z,2026-03-30T17:48:35Z,2026-03-30T17:48:31Z,main,GPL-2.0,False,876247
https://github.com/django-cms/django-cms,Divio AG,django CMS,Web Content Management Systems,9434,7041,2017,1172,10640,3196,18,384,Python,2009-03-05T10:14:18Z,2026-03-30T14:41:17Z,2026-03-30T15:47:58Z,main,NOASSERTION,False,117171
https://github.com/django/django,Django Software Foundation,Django,Frameworks & Libraries,122791,49965,60198,18814,87124,33810,422,2246,Python,2012-04-28T02:47:18Z,2026-03-30T17:11:35Z,2026-03-30T16:55:55Z,main,BSD-3-Clause,False,278208
https://github.com/dokuwiki/dokuwiki,dokuwiki.org,DokuWiki,Other Web Tools & Plugins,77947,45478,39725,18050,4593,911,502,176,PHP,2010-01-03T13:47:20Z,2026-03-30T05:04:20Z,2026-03-25T07:57:19Z,master,GPL-2.0,False,44924
https://github.com/dotCMS/core,dotCMS,dotCMS,Web Content Management Systems,34906,26273,6867,4256,940,480,837,83,Java,2012-03-15T15:24:14Z,2026-03-30T17:13:39Z,2026-03-30T17:49:44Z,main,NOASSERTION,False,1127298
https://github.com/dotclear/dotclear,dotclear.org,Dotclear,Other Web Tools & Plugins,328,4,218,4,44,21,0,7,PHP,2017-11-02T17:45:08Z,2026-03-30T12:31:20Z,2026-03-30T12:31:15Z,master,AGPL-3.0,False,318066
https://github.com/dotnet/aspnetcore,Microsoft,ASP.NET,Programming Languages,3033463,1457663,1241462,445644,37803,10620,3854,1412,C#,2014-03-11T06:09:42Z,2026-03-30T14:42:52Z,2026-03-30T14:25:57Z,main,MIT,False,376063
https://github.com/dotnet/fsharp,The F# Software Foundation,F#,Programming Languages,41718,24405,9962,4069,4273,852,1287,171,F#,2015-01-10T05:58:43Z,2026-03-30T17:04:06Z,2026-03-30T17:04:01Z,main,MIT,False,411122
https://github.com/dotwaffle/rancid-git,Shrubbery Networks Inc,Shrubbery Networks RANCID,Software Configuration Management,35,0,8,0,218,85,10,47,Makefile,2009-01-27T22:49:44Z,2025-09-20T00:55:49Z,2018-05-16T16:52:56Z,master,NOASSERTION,True,2999
https://github.com/dovecot/core,Dovecot,Mail Server,Other IT Development/Infrastructure,9355,2349,2891,779,1189,331,11,63,C,2015-12-09T12:39:30Z,2026-03-30T17:00:11Z,2026-03-30T17:00:05Z,main,NOASSERTION,False,183395
https://github.com/drupal/drupal,Open Source,Drupal,Web Content Management Systems,845239,477671,268561,109325,4257,1963,0,402,PHP,2009-01-04T13:53:32Z,2026-03-30T17:10:43Z,2026-03-30T17:10:38Z,main,,False,418051
https://github.com/drupalcommerce/commerce,Open Source,Drupal Comm,Commerce Application,28396,11142,8502,2876,353,252,32,69,PHP,2014-07-01T15:05:51Z,2025-11-30T01:41:26Z,2020-10-06T10:56:55Z,8.x-2.x,,False,7943
https://github.com/e107inc/e107,e107,e107,Web Content Management Systems,9200,8851,660,424,329,211,706,63,PHP,2012-11-16T19:49:01Z,2026-03-30T15:27:06Z,2026-02-20T22:44:28Z,master,GPL-3.0,False,94589
https://github.com/easymock/easymock,EasyMock,EasyMock,Frameworks & Libraries,47393,33463,12200,7726,829,310,65,57,HTML,2013-06-10T22:26:09Z,2026-03-25T04:18:01Z,2026-03-30T02:04:01Z,master,,False,12473
https://github.com/eclipse-ee4j/glassfish,Sun Microsystems,GlassFish,Server,87026,59825,15250,6211,435,170,92,39,Java,2018-09-15T08:59:52Z,2026-03-25T15:48:40Z,2026-03-25T16:04:22Z,main,NOASSERTION,False,4252632
https://github.com/elcodi/elcodi,Elcodi,Elcodi,E-Commerce Platform/Software,1,0,1,0,421,77,37,39,PHP,2014-04-03T17:26:10Z,2026-03-17T10:08:00Z,2016-08-05T13:38:39Z,master,MIT,True,16071
https://github.com/emacs-mirror/emacs,EMACS,EMACS,Application Development Tools,1050,685,290,166,4996,1360,18,279,Emacs Lisp,2014-08-07T06:58:17Z,2026-03-30T17:15:41Z,2026-03-30T17:15:36Z,master,GPL-3.0,False,1591375
https://github.com/emberjs/ember.js,Tilde,Emberjs,Frameworks & Libraries,103249,78595,18683,11136,22574,4195,399,817,TypeScript,2011-05-25T23:39:40Z,2026-03-30T14:15:40Z,2026-03-30T14:50:33Z,main,MIT,False,109766
https://github.com/erlang/otp,Ericsson,Erlang,Programming Languages,3607,1142,731,310,12087,3060,531,487,Erlang,2009-11-16T17:17:57Z,2026-03-30T16:35:43Z,2026-03-30T16:35:33Z,master,Apache-2.0,False,620552
https://github.com/ethereum/go-ethereum,Ethereum Foundation (Stiftung Ethereum),Ethereum,Blockchain,150569,81218,31271,15925,50963,21885,385,2201,Go,2013-12-26T13:05:46Z,2026-03-30T14:48:46Z,2026-03-30T15:22:30Z,master,LGPL-3.0,False,234032
https://github.com/eucalyptus/eucalyptus,Eucalyptus Systems,Eucalyptus Systems,Infrastructure as a Service,26227,19722,3058,1386,861,264,0,113,Java,2011-05-24T20:36:49Z,2026-03-17T07:08:36Z,2021-07-21T20:42:24Z,master,NOASSERTION,True,115651
https://github.com/expressjs/express,Node.js,Express,Frameworks & Libraries,277280,182809,57791,25778,68883,22961,198,1675,JavaScript,2009-06-26T18:56:01Z,2026-03-30T17:07:07Z,2026-03-01T13:55:02Z,master,MIT,False,9726
https://github.com/ezsystems/ezplatform,eZ Systems AS,eZ Platfrom,Web Content Management Systems,53,6,23,5,326,147,19,49,Shell,2015-02-26T11:12:45Z,2026-03-14T20:59:53Z,2023-12-04T12:47:20Z,master,NOASSERTION,False,13991
https://github.com/facebook/hhvm,FACEBOOK,HHVM,Application Development Tools,667,194,444,95,18615,3079,535,987,C++,2010-01-02T01:17:06Z,2026-03-30T16:36:50Z,2026-03-30T16:36:42Z,master,NOASSERTION,False,873797
https://github.com/facebook/react,FACEBOOK,React,Frameworks & Libraries,1955076,995571,936285,389642,244256,50862,1190,6662,JavaScript,2013-05-24T16:15:54Z,2026-03-30T17:39:16Z,2026-03-30T17:07:34Z,main,MIT,False,951122
https://github.com/facebook/react-native,FACEBOOK,React Native,Frameworks & Libraries,382214,243941,88008,37347,125653,25128,1277,3547,C++,2015-01-09T18:10:16Z,2026-03-30T16:47:07Z,2026-03-30T17:50:08Z,main,MIT,False,963581
https://github.com/flot/flot,Flot Charts,Flot,Charting,22516,9767,9714,5977,5921,1545,631,268,JavaScript,2011-01-26T15:48:51Z,2026-03-25T11:09:07Z,2023-11-08T19:56:18Z,master,MIT,False,4711
https://github.com/fluxbb/fluxbb,fluxbb.org,FluxBB,Software as a Service,15,1,15,1,543,191,13,40,PHP,2010-07-31T11:36:33Z,2026-03-28T11:04:38Z,2023-03-06T17:59:36Z,master,GPL-2.0,False,10671
https://github.com/formspree/formspree,FORMSPREE,Formspree,Application Development Tools,3939,1851,2846,1013,2756,256,15,63,Python,2014-12-12T23:20:09Z,2026-03-18T04:52:55Z,2023-05-22T22:49:02Z,master,NOASSERTION,True,2971
https://github.com/foundation/foundation-sites,ZURB Inc.,ZURB Foundation,Frameworks & Libraries,21882,14863,4874,2047,29761,5395,77,1219,HTML,2011-10-13T23:05:42Z,2026-03-30T14:01:01Z,2025-01-21T22:11:53Z,develop,MIT,False,126117
https://github.com/franzinc/aserve,Franz Inc.,AllegroServe,Server,32,23,21,13,200,30,1,16,Common Lisp,2009-05-14T21:41:00Z,2026-03-05T22:34:43Z,2026-03-05T22:34:39Z,master,NOASSERTION,False,5327
https://github.com/ganglia/monitor-core,Ganglia,Ganglia,IT Infrastructure & Ops Management,2,1,2,1,494,241,85,54,C,2011-07-08T15:48:34Z,2026-02-09T13:50:59Z,2022-01-23T06:46:29Z,master,BSD-3-Clause,False,9558
https://github.com/gentoo/gentoo,Gentoo Foundation Inc.,Gentoo,Operating System,14508,9475,11371,7209,2368,2214,705,83,Shell,2015-08-10T18:47:32Z,2026-03-30T16:48:06Z,2026-03-30T16:48:00Z,master,,False,2669553
https://github.com/getgrav/grav,Grav,Grav,Web Content Management Systems,3651,1482,1865,402,15433,1418,461,328,PHP,2014-08-02T18:29:10Z,2026-03-30T09:27:08Z,2026-03-30T12:28:03Z,develop,MIT,False,31289
https://github.com/getpelican/pelican,getpelican,Pelican,Other Web Tools & Plugins,428,4,336,3,13262,1831,104,322,Python,2010-10-16T18:57:40Z,2026-03-30T11:05:02Z,2026-03-30T11:04:56Z,main,AGPL-3.0,False,7576
https://github.com/getsentry/sentry-javascript,Sentry,Ravenjs,Frameworks & Libraries,294674,186022,102371,43992,8613,1761,485,122,TypeScript,2012-02-01T20:16:25Z,2026-03-30T14:44:10Z,2026-03-30T17:06:58Z,develop,MIT,False,209570
https://github.com/gocd/gocd,ThoughtWorks Inc.,GoCD,Application Development Tools,25333,12453,5479,1913,7386,980,76,207,Java,2013-12-13T05:26:16Z,2026-03-30T08:06:22Z,2026-03-30T08:06:18Z,master,Apache-2.0,False,420675
https://github.com/govCMS/govCMS,BENDELL HOLDINGS LLC,govCMS,Web Content Management Systems,303,15,179,4,188,50,57,17,Twig,2020-06-12T01:12:05Z,2026-03-30T05:20:12Z,2026-03-30T06:27:30Z,4.x-develop,GPL-2.0,False,15841
https://github.com/grafana/grafana,Grafana Labs,Grafana,IT Infrastructure & Ops Management,396413,199793,104259,38712,72850,13627,3950,1248,TypeScript,2013-12-11T15:59:56Z,2026-03-30T17:43:46Z,2026-03-30T17:52:58Z,main,AGPL-3.0,False,1556396
https://github.com/graphite-project/graphite-web,GitHub,Graphite,IT Infrastructure & Ops Management,19933,15348,2309,930,6073,1256,21,260,JavaScript,2012-05-07T21:30:55Z,2026-03-30T10:46:07Z,2026-03-17T22:50:01Z,master,Apache-2.0,False,23920
https://github.com/greenplum-db/gpdb,Pivotal Software,Greenplum Database,Database Management,69754,49788,11713,5960,,,,,,,,,,,,
https://github.com/gridgain/gridgain,GridGain,GridGain,Big Data Processing,8407,4638,1478,851,148,56,41,64,Java,2019-02-13T11:31:35Z,2026-03-27T05:48:57Z,2026-03-30T12:57:22Z,master,NOASSERTION,False,361144
https://github.com/h2o/h2o,DeNA Co. Ltd.,H2O,Server,145677,106671,45083,26798,11430,878,729,374,C,2014-08-16T23:59:03Z,2026-03-30T15:12:14Z,2026-03-30T08:16:15Z,master,MIT,False,124410
https://github.com/h2oai/h2o-3,H2O.ai,H20.ai,Data Science & Machine Learning,43539,30885,8066,4227,7521,2033,2890,367,Jupyter Notebook,2014-03-03T16:08:07Z,2026-03-30T13:15:29Z,2026-03-30T17:48:47Z,master,Apache-2.0,False,626598
https://github.com/haproxy/haproxy,HAProxy,HAProxy,Application Server Software,118578,63957,27722,9708,6424,913,353,117,C,2018-04-09T15:17:42Z,2026-03-30T16:27:50Z,2026-03-30T16:27:45Z,master,NOASSERTION,False,113095
https://github.com/highlightjs/highlight.js,highlightjs,highlightjs,Application Development Tools,78204,37711,33992,11758,24885,3728,224,296,JavaScript,2011-01-01T23:47:21Z,2026-03-30T15:09:18Z,2025-10-27T17:01:56Z,main,BSD-3-Clause,False,15446
https://github.com/horde/horde,Horde LLC,Horde,Other IT Development/Infrastructure,8521,7802,757,417,244,126,2,35,,2010-08-28T22:06:38Z,2026-03-28T13:23:29Z,2020-05-16T23:39:26Z,deprecated,,True,315810
https://github.com/illumos/illumos-gate,Open Source,illumos,Operating System,592,295,249,98,1832,796,9,143,C,2010-09-07T16:59:23Z,2026-03-29T15:37:13Z,2026-03-29T15:37:08Z,master,,False,563811
https://github.com/infinidb/infinidb,Calpont,InfiniDB,Database Management,2276,1778,402,164,247,86,1,49,C++,2013-10-15T12:10:40Z,2026-03-23T08:43:29Z,2017-10-14T19:00:58Z,master,GPL-2.0,False,35812
https://github.com/influxdata/influxdb,Influxdata Inc,InfluxData,Database Management,144585,75283,36833,14679,31361,3701,2130,706,Rust,2013-09-26T14:31:10Z,2026-03-30T16:49:04Z,2026-03-30T16:01:25Z,main,Apache-2.0,False,209693
https://github.com/intelliants/subrion,Intelliants LLC,Subrion,Web Content Management Systems,28,5,26,4,287,117,180,45,PHP,2013-01-29T06:57:00Z,2025-08-21T20:41:43Z,2023-08-24T14:49:52Z,develop,GPL-3.0,False,27524
https://github.com/ionic-team/ionic-framework,Ionic,Ionic Framework,Frameworks & Libraries,237484,165895,65706,35572,52424,13385,626,1558,TypeScript,2013-08-20T23:06:02Z,2026-03-30T15:35:52Z,2026-03-30T17:40:44Z,main,MIT,False,1585510
https://github.com/isc-projects/bind9,ISC,BIND,Infrastructure as a Service,89316,59418,21865,9245,737,172,0,19,C,2017-11-27T19:09:20Z,2026-03-29T18:39:30Z,2025-08-06T12:40:45Z,main,MPL-2.0,True,420034
https://github.com/jashkenas/backbone,Backbonejs,Backbonejs,Frameworks & Libraries,668054,380103,288237,121776,28096,5330,62,1247,JavaScript,2010-09-30T19:41:28Z,2026-03-30T10:42:23Z,2025-04-01T11:14:31Z,master,MIT,False,27619
https://github.com/jasmine/jasmine,Pivotal Software,Jasmine,Testing & QA,284569,197984,62948,31234,15840,2245,11,423,JavaScript,2008-12-02T23:46:37Z,2026-03-30T10:38:17Z,2026-03-14T16:13:05Z,main,MIT,False,10829
https://github.com/jekyll/jekyll,jekyll,Jekyll,Other Web Tools & Plugins,11753,7330,3804,1354,51468,10295,242,1407,Ruby,2008-10-20T06:29:03Z,2026-03-30T15:01:34Z,2026-03-30T03:56:56Z,master,MIT,False,70532
https://github.com/jenkinsci/jenkins,Jenkins,Jenkins,Application Development Tools,891008,517205,216081,89896,25144,9443,3582,842,Java,2010-11-22T21:21:23Z,2026-03-30T15:17:24Z,2026-03-30T01:11:17Z,master,MIT,False,170892
https://github.com/jetty/jetty.project,ECLIPSE,Jetty,Server,241027,143103,65973,32086,4067,1991,265,255,Java,2011-07-14T01:11:57Z,2026-03-30T11:39:31Z,2026-03-30T11:39:30Z,jetty-12.1.x,NOASSERTION,False,279914
https://github.com/jigoshop/jigoshop,Jigoshop Limited,Jigoshop,E-Commerce Platform/Software,110,68,87,47,246,126,14,29,PHP,2011-06-12T15:24:52Z,2026-01-21T21:21:00Z,2017-03-07T12:17:01Z,master,NOASSERTION,True,32609
https://github.com/joomla/joomla-cms,Joomla,Joomla,Web Content Management Systems,294731,105625,163635,35486,5061,3845,866,338,PHP,2011-09-27T02:07:38Z,2026-03-30T13:21:57Z,2026-03-26T10:10:56Z,5.4-dev,GPL-2.0,False,344268
https://github.com/jplayer/jPlayer,jPlayer,jPlayer,Software as a Service,192987,77776,127039,38279,4607,1450,164,284,JavaScript,2010-02-17T04:44:34Z,2026-03-27T08:54:02Z,2021-11-02T18:28:47Z,master,NOASSERTION,False,3802
https://github.com/jquery/jquery,The jQuery Foundation Inc,jQuery,Frameworks & Libraries,8241612,2972264,4977060,1405008,59860,20466,94,3125,JavaScript,2009-04-03T15:20:14Z,2026-03-30T16:21:25Z,2026-03-30T16:46:18Z,main,MIT,False,35553
https://github.com/jquery/jquery-migrate,The jQuery Foundation Inc,jQuery Migrate,Frameworks & Libraries,2528738,1216067,1383751,521972,2079,474,5,124,JavaScript,2012-11-05T03:44:18Z,2026-03-26T15:05:32Z,2026-03-29T20:12:04Z,main,NOASSERTION,False,2208
https://github.com/jquery/jquery-ui,The jQuery Foundation Inc,jQuery UI,Frameworks & Libraries,3808730,1658067,1981726,650742,11343,5234,152,623,JavaScript,2010-01-19T14:40:34Z,2026-03-29T18:24:41Z,2026-03-29T11:40:13Z,main,NOASSERTION,False,30940
https://github.com/juju/juju,Canonical,Juju,Application Development Tools,2355,874,538,230,2609,572,377,68,Go,2014-06-03T14:28:10Z,2026-03-29T06:48:52Z,2026-03-30T15:01:49Z,main,NOASSERTION,False,463228
https://github.com/jython/jython,Python,Jython,Programming Languages,125464,92859,18048,9497,1497,227,108,43,Python,2020-07-25T16:17:43Z,2026-03-29T09:10:17Z,2026-03-02T17:11:39Z,master,NOASSERTION,False,366857
https://github.com/kaltura/server,Kaltura,Kaltura,Software as a Service,88527,62166,29772,17215,400,183,354,88,PHP,2013-07-12T08:59:26Z,2026-03-30T13:59:36Z,2026-03-30T17:47:10Z,Venus-22.17.0,AGPL-3.0,False,321660
https://github.com/kubernetes/kubernetes,Kubernetes,k8s,Containerization,752062,410347,180955,73387,121399,42756,2656,3183,Go,2014-06-06T22:56:04Z,2026-03-30T17:40:15Z,2026-03-30T12:30:15Z,master,Apache-2.0,False,1461148
https://github.com/laminas/laminas-mvc,Zend,Zend Framework,Frameworks & Libraries,109850,57087,27423,9378,172,62,32,20,PHP,2019-12-31T21:39:54Z,2026-03-14T22:49:28Z,2026-02-06T10:01:46Z,3.9.x,BSD-3-Clause,False,7271
https://github.com/lavabit/magma,Lavabit,Lavabit Enterprise Solutions,Email Software,1,0,1,0,1838,165,49,113,C,2014-12-23T01:27:17Z,2026-03-26T19:19:56Z,2025-03-06T05:12:37Z,develop,AGPL-3.0,False,586409
https://github.com/less/less.js,Less,Less,Frameworks & Libraries,445347,350469,111625,62516,17051,3384,189,638,JavaScript,2010-02-20T17:25:38Z,2026-03-30T12:00:26Z,2026-03-24T22:41:03Z,master,Apache-2.0,False,17622
https://github.com/liferay/liferay-portal,Liferay,Liferay,Web Content Management Systems,191332,87447,52575,16260,2231,3754,94,150,Java,2009-09-25T22:55:58Z,2026-03-30T12:47:35Z,2026-03-30T12:47:30Z,master,NOASSERTION,False,39772012
https://github.com/lift/framework,liftweb.net,Lift,Frameworks & Libraries,2614,1931,849,513,1281,275,122,99,Scala,2011-01-26T13:25:28Z,2026-03-29T01:51:07Z,2026-03-29T01:54:42Z,main,Apache-2.0,False,17167
https://github.com/lighttpd/lighttpd1.4,LIGHTTPD,Web Server,Server,25217,11845,10377,3652,694,303,5,35,C,2011-11-12T15:12:57Z,2026-03-27T15:04:06Z,2026-03-25T19:14:08Z,master,BSD-3-Clause,False,13307
https://github.com/liquibase/liquibase,Datical,Liquibase,Database Management,121032,76056,25920,12350,5465,1938,612,138,Java,2011-07-08T20:08:20Z,2026-03-28T17:56:07Z,2026-03-30T11:38:18Z,master,NOASSERTION,False,219379
https://github.com/litecoin-project/litecoin,Litecoin,Litecoin,Blockchain,5884,2786,1472,309,4576,3069,100,491,C++,2012-06-13T04:18:26Z,2026-03-29T23:47:02Z,2026-03-23T20:50:19Z,master,MIT,False,235921
https://github.com/litespeedtech/openlitespeed,LiteSpeed Technologies,Web Server,Server,381464,82513,302888,53087,1417,225,84,38,C++,2013-07-11T14:35:25Z,2026-03-30T08:59:36Z,2026-01-08T16:45:13Z,master,GPL-3.0,False,36929
https://github.com/loadedcommerce/loaded7,Loaded Commerce LLC,Loaded Commerce,E-Commerce Platform/Software,7742,4956,3289,1141,18,26,115,24,PHP,2012-11-28T15:42:04Z,2025-10-26T17:40:58Z,2018-08-21T21:53:29Z,master,GPL-2.0,False,40851
https://github.com/locomotiveCMS/engine,LocomotiveCMS,LocomotiveCMS,Web Content Management Systems,390,175,244,87,2324,618,100,79,Ruby,2010-07-22T19:02:27Z,2026-03-11T04:16:01Z,2025-08-07T08:51:45Z,master,NOASSERTION,False,32161
https://github.com/lua/lua,UNIVERSIDADE FEDERAL RURAL DO RIO DE JANEIRO,Lua,Programming Languages,18742,11329,3444,1663,9858,1927,0,409,C,2012-09-14T05:55:07Z,2026-03-30T05:09:22Z,2026-03-15T18:17:52Z,master,,False,12054
https://github.com/lustre/lustre-release,Lustre,Lustre file system,Other IT Development/Infrastructure,4976,2493,2206,1015,279,90,2,9,C,2020-06-06T00:48:48Z,2026-03-26T23:45:54Z,2026-03-20T23:52:02Z,master,NOASSERTION,False,182243
https://github.com/lxc/lxc,Canonical,LXC,Containerization,315012,212208,73796,34659,5151,1169,171,202,C,2012-09-07T18:50:27Z,2026-03-30T14:54:05Z,2026-03-23T17:45:08Z,main,NOASSERTION,False,36305
https://github.com/magento/magento2,Magento,Magento Commerce,E-Commerce Platform/Software,328767,149131,115807,36100,12070,9398,1988,1217,PHP,2011-11-30T15:30:13Z,2026-03-30T16:10:29Z,2026-03-30T16:10:22Z,2.4-develop,OSL-3.0,False,747822
https://github.com/magnolia-cms/magnolia,Magnolia International Ltd.,Magnolia,Web Content Management Systems,23454,6021,8282,884,,,,,,,,,,,,
https://github.com/mantisbt/mantisbt,Open Source,MantisBT,Testing & QA,120301,48428,26339,11078,1759,753,90,92,PHP,2010-06-29T21:42:07Z,2026-03-30T12:10:40Z,2026-03-30T12:10:35Z,master,,False,87847
https://github.com/mathjax/MathJax,The Apache Software Foundation,Apache MathJax,Frameworks & Libraries,114288,48163,44922,12137,10802,1196,172,242,JavaScript,2010-08-19T03:28:53Z,2026-03-29T10:35:03Z,2026-02-19T22:25:43Z,master,Apache-2.0,False,160482
https://github.com/matomo-org/matomo,Piwik,Piwik,Web Analytics,167230,107507,67376,40401,21380,2821,2525,398,PHP,2011-03-30T21:18:17Z,2026-03-30T14:50:41Z,2026-03-30T17:22:38Z,5.x-dev,GPL-3.0,False,344211
https://github.com/mediaelement/mediaelement,mediaelementjs.com,MediaElement.js,Software as a Service,803377,394944,445211,164603,8312,1552,226,302,JavaScript,2010-07-28T02:32:56Z,2026-03-30T10:45:54Z,2025-11-12T10:26:32Z,master,MIT,False,74373
https://github.com/mesosphere/marathon,Mesosphere Inc.,Marathon,Application Development Tools,63941,45751,12777,6930,4044,831,29,315,Scala,2013-06-25T14:56:34Z,2026-03-17T04:56:04Z,2022-09-08T05:13:23Z,master,Apache-2.0,True,71840
https://github.com/meteor/meteor,Meteor Development Group Inc.,Meteor,Frameworks & Libraries,150877,109095,42359,21024,44788,5265,372,1500,JavaScript,2012-01-19T01:58:17Z,2026-03-30T02:35:21Z,2026-03-30T16:38:06Z,devel,NOASSERTION,False,144412
https://github.com/microsoft/CNTK,Microsoft,Microsoft Cognitive Toolkit,Data Science & Machine Learning,13280,5950,3096,700,17603,4242,839,1226,C++,2015-11-26T09:52:06Z,2026-03-29T21:00:30Z,2023-03-11T07:31:35Z,master,NOASSERTION,True,935217
https://github.com/moby/moby,Docker,Docker,Application Development Tools,905330,493711,233484,93372,71554,18911,3796,2821,Go,2013-01-18T18:10:57Z,2026-03-30T16:47:05Z,2026-03-30T08:58:45Z,master,Apache-2.0,False,256523
https://github.com/moby/swarmkit,Docker,Swarm,IT Infrastructure & Ops Management,214576,145899,43748,22287,3594,660,333,146,Go,2016-02-12T00:02:15Z,2026-03-29T20:31:33Z,2025-11-10T19:21:00Z,master,Apache-2.0,False,43275
https://github.com/modxcms/revolution,MODX LLC,MODX,Web Content Management Systems,11244,2885,7651,1527,1398,528,693,93,PHP,2010-07-29T21:03:57Z,2026-03-27T22:43:41Z,2026-03-28T21:41:13Z,3.x,GPL-2.0,False,106844
https://github.com/moinwiki/moin,MoinMoin GmbH,MoinMoin,Software as a Service,13204,11843,1036,627,365,103,122,24,JavaScript,2018-08-16T21:27:34Z,2026-03-30T17:28:14Z,2026-03-30T17:28:03Z,master,NOASSERTION,False,14255
https://github.com/mongodb/mongo,MongoDB,MongoDB,Database Management,691077,381009,174761,72805,28192,5764,28,1248,C++,2009-01-15T16:15:18Z,2026-03-30T17:33:07Z,2026-03-30T17:33:02Z,master,NOASSERTION,False,1309072
https://github.com/mootools/mootools-core,MooTools,MooTools,Application Development Tools,233126,85741,143715,33072,2672,514,76,118,JavaScript,2008-04-21T16:58:56Z,2026-03-28T18:28:19Z,2024-05-10T06:22:03Z,master,,False,7908
https://github.com/movabletype/movabletype,MovableType,MovableType,Web Content Management Systems,2859,1133,1940,532,426,113,100,42,Perl,2010-12-29T15:31:02Z,2026-03-30T07:55:27Z,2026-03-30T07:55:22Z,develop,,False,169364
https://github.com/mozilla/nunjucks,Nunjucks,Nunjucks,Operating System,22534,13203,8253,3777,8920,650,353,132,JavaScript,2012-08-09T05:40:44Z,2026-03-30T11:37:14Z,2026-02-07T15:11:07Z,master,BSD-2-Clause,False,8177
https://github.com/mybb/mybb,MyBB Group,MyBB,Software as a Service,228,34,199,30,1203,429,301,89,PHP,2012-06-13T10:34:46Z,2026-03-30T12:39:37Z,2026-03-30T12:39:31Z,dev-1.9,LGPL-3.0,False,43617
https://github.com/mysql/mysql-server,Oracle,MySQL,Database Management,1100973,578360,283484,119315,12182,4250,6,561,C++,2014-09-26T09:31:03Z,2026-03-30T17:07:52Z,2026-01-22T11:09:35Z,trunk,NOASSERTION,False,4747212
https://github.com/neo4j/neo4j,Neo4j,Neo4j,Database Management,248185,139157,51288,28194,16211,2585,186,521,Java,2012-11-12T08:46:15Z,2026-03-30T16:12:26Z,2026-03-20T15:45:08Z,release/5.26.0,GPL-3.0,False,697200
https://github.com/neos/neos-development-collection,Neos,Neos,Web Content Management Systems,2971,76,2089,53,266,242,551,15,PHP,2015-08-18T09:48:35Z,2026-03-26T19:44:09Z,2026-03-28T15:02:16Z,9.2,GPL-3.0,False,177193
https://github.com/nginx/nginx,NGINX,Web Server,Server,4060332,1494781,2320803,640196,29769,7827,362,936,C,2015-06-23T10:26:27Z,2026-03-30T16:19:44Z,2026-03-24T18:36:12Z,master,BSD-2-Clause,False,75351
https://github.com/nodejs/node,Node.js,Node.js,Frameworks & Libraries,867046,486401,211172,88552,116467,35217,2592,2952,JavaScript,2014-11-26T19:57:11Z,2026-03-30T17:00:35Z,2026-03-30T15:21:57Z,main,NOASSERTION,False,1442423
https://github.com/nopSolutions/nopCommerce,Open Source,NopCommerce,E-Commerce Platform/Software,19084,11001,7599,2469,10021,5931,174,598,C#,2014-04-09T05:47:50Z,2026-03-30T14:36:50Z,2026-03-30T14:36:38Z,develop,NOASSERTION,False,1586831
https://github.com/odoo/odoo,Odoo,Odoo Website Builder,Website Builders,83,13,75,11,49818,31941,9386,1527,Python,2014-05-13T15:38:58Z,2026-03-30T17:28:34Z,2026-03-30T17:42:17Z,19.0,NOASSERTION,False,14810667
https://github.com/okd-project/okd,Red Hat,Red Hat OpenShift,Platform as a Service,340240,213076,65972,29795,2056,318,71,93,HCL,2019-11-15T21:06:09Z,2026-03-29T16:27:45Z,2026-03-18T20:07:01Z,master,Apache-2.0,False,839
https://github.com/openbsd/src,Open Source,OpenBSD,Operating System,27384,16682,7390,3212,3708,927,1,177,C,2016-08-30T18:18:25Z,2026-03-30T14:20:34Z,2026-03-30T14:19:46Z,master,,False,1570826
https://github.com/opencart/opencart,OpenCart,Commerce Software,E-Commerce Platform/Software,34104,12515,18954,3880,8074,5037,144,586,PHP,2011-08-02T07:32:17Z,2026-03-30T10:37:46Z,2026-03-30T13:04:24Z,master,NOASSERTION,False,222231
https://github.com/openjdk/jdk,Sun Microsystems,Java,Application Development Tools,59387,48734,7844,3555,22715,6296,412,363,Java,2018-09-17T12:29:20Z,2026-03-30T17:17:30Z,2026-03-30T17:44:09Z,master,GPL-2.0,False,1430845
https://github.com/openresty/openresty,OpenResty,OpenResty,Application Development Tools,1148247,585142,507540,220833,13718,1619,316,533,C,2010-01-20T03:57:59Z,2026-03-30T08:19:19Z,2026-03-25T05:55:04Z,master,NOASSERTION,False,2842
https://github.com/openssh/openssh-portable,OpenSSH,OpenSSH,Other IT Development/Infrastructure,25981,19231,4304,2218,3754,2053,128,130,C,2014-01-17T05:53:25Z,2026-03-30T10:59:54Z,2026-03-30T10:59:44Z,master,NOASSERTION,False,33026
https://github.com/openssl/openssl,OpenSSL,OpenSSL,Other IT Development/Infrastructure,886177,392679,364551,105762,29857,11161,1554,1012,C,2013-01-15T22:34:48Z,2026-03-30T17:19:47Z,2026-03-27T18:37:42Z,master,Apache-2.0,False,333424
https://github.com/oracle/linux-uek,Oracle,Linux,Operating System,107982,71772,25633,10854,348,86,5,55,,2018-01-13T05:00:58Z,2026-03-27T20:13:47Z,2026-03-24T16:37:59Z,main,,False,3293986
https://github.com/orientechnologies/orientdb,Orient Technologies,OrientDB,Database Management,18034,10221,4241,1845,4945,874,343,262,Java,2012-12-09T20:33:47Z,2026-03-30T03:42:07Z,2026-03-30T14:48:24Z,develop,Apache-2.0,False,296440
https://github.com/pagekit/pagekit,pagekit,Pagekit,Web Content Management Systems,287,93,190,50,5478,637,178,262,PHP,2014-03-06T17:30:55Z,2026-03-23T08:37:57Z,2022-09-30T19:04:02Z,develop,MIT,True,16759
https://github.com/papaya-cms/papayacms-core,papaya Software GmbH,papaya CMS,Web Content Management Systems,1595,587,935,259,,,,,,,,,,,,
https://github.com/percona/percona-server,Percona,Percona,Database Management,28812,14161,7914,2997,1255,509,61,134,C++,2015-02-13T11:32:01Z,2026-03-30T10:27:17Z,2026-03-30T16:50:08Z,8.0,NOASSERTION,False,5034042
https://github.com/percona/percona-xtradb-cluster,Percona,Percona XtraDB Cluster,Database Management,273,139,88,48,378,152,11,68,C++,2015-02-13T11:39:22Z,2026-03-30T14:28:33Z,2026-03-30T14:28:26Z,8.0,NOASSERTION,False,4975640
https://github.com/perl-catalyst/catalyst-runtime,Catalyst Framework,Catalyst Framework,Application Development Tools,2218,760,960,145,268,101,36,44,Perl,2008-12-29T04:20:30Z,2025-09-02T07:08:41Z,2025-02-08T19:11:11Z,master,,False,13913
https://github.com/phacility/phabricator,Phacility Inc,Phabricator,Application Development Tools,12223,3856,3160,1212,12305,1622,3,565,PHP,2011-01-21T22:08:29Z,2026-03-28T18:28:26Z,2024-04-12T10:28:40Z,master,Apache-2.0,False,144626
https://github.com/php/php-src,COMPILER,PHP,Programming Languages,4753974,1747130,2807288,749401,39959,8022,1754,1350,C,2011-06-16T01:52:25Z,2026-03-30T17:36:07Z,2026-03-30T17:36:01Z,master,NOASSERTION,False,628719
https://github.com/phpbb/phpbb,phpBB,phpBB,Software as a Service,122177,104798,22808,12238,2049,993,43,95,PHP,2010-03-01T22:33:17Z,2026-03-30T05:08:40Z,2026-03-29T08:07:58Z,master,GPL-2.0,False,95699
https://github.com/phpmyadmin/phpmyadmin,phpMyAdmin,phpMyAdmin,Database Management,32,0,28,0,7838,3565,903,272,PHP,2012-01-19T13:21:52Z,2026-03-30T14:53:01Z,2026-03-30T14:52:48Z,master,GPL-2.0,False,2409214
https://github.com/phusion/passenger,Phusion,Phusion Passenger,Server,123051,68931,49903,19579,5076,561,240,110,C++,2008-03-27T23:40:48Z,2026-03-25T08:35:33Z,2026-03-02T20:41:37Z,stable-6.1,MIT,False,56758
https://github.com/pimcore/pimcore,pimcore,Pimcore CMS,Web Content Management Systems,13398,1602,7691,518,3741,1503,588,165,PHP,2011-11-01T09:16:14Z,2026-03-30T14:03:57Z,2026-03-30T13:34:58Z,2026.x,NOASSERTION,False,542103
https://github.com/plainblack/webgui,Plain Black Corporation,WebGUI,Web Content Management Systems,379,342,74,42,63,42,7,25,Perl,2009-02-06T02:52:45Z,2025-11-09T09:56:11Z,2019-03-14T21:45:13Z,master,,False,119900
https://github.com/playframework/playframework,Lightbend Inc.,Play Framework,Frameworks & Libraries,681,134,502,76,12625,4048,490,607,Scala,2011-09-07T09:24:08Z,2026-03-30T07:21:08Z,2026-03-30T07:11:04Z,main,Apache-2.0,False,113634
https://github.com/plone/Plone,PLONE FOUNDATION,Plone,Web Content Management Systems,60983,50540,10346,4994,274,58,0,177,Python,2011-09-25T01:41:25Z,2026-03-30T05:50:16Z,2026-03-27T11:41:01Z,master,,False,3146
https://github.com/plotly/plotly.js,Plotly Inc,Plotly,Charting,14619,7122,5479,2480,18170,1982,803,281,JavaScript,2015-11-05T23:27:17Z,2026-03-30T15:46:42Z,2026-03-30T16:50:58Z,master,MIT,False,1916396
https://github.com/postgres/postgres,PostgreSQL Global Development,DataBase Management System,Database Management,1442700,804706,397932,164578,20388,5531,0,560,C,2010-09-21T11:35:45Z,2026-03-30T17:50:37Z,2026-03-30T17:50:32Z,master,NOASSERTION,False,728609
https://github.com/prestodb/presto,FACEBOOK,Presto,Big Data Processing,143057,98318,22940,11374,16670,5532,2847,826,Java,2012-08-09T01:03:37Z,2026-03-30T17:28:07Z,2026-03-30T17:27:59Z,master,Apache-2.0,False,272795
https://github.com/processone/ejabberd,ejabberd,XMPP Server,Server,6185,3985,851,398,6623,1542,209,255,Erlang,2010-02-08T10:37:25Z,2026-03-30T16:21:19Z,2026-03-25T15:42:32Z,master,NOASSERTION,False,48294
https://github.com/prometheus/prometheus,The Apache Software Foundation,Prometheus,Data Management,300109,161711,72083,30306,63314,10287,772,1100,Go,2012-11-24T11:14:12Z,2026-03-30T17:08:12Z,2026-03-30T14:47:59Z,main,Apache-2.0,False,279008
https://github.com/prototypejs/prototype,PrettyPolymath,Prototype,Frameworks & Libraries,359325,156892,166012,47051,3540,645,101,195,JavaScript,2008-03-27T02:15:03Z,2026-03-29T14:20:12Z,2024-08-13T10:53:04Z,master,NOASSERTION,False,9353
https://github.com/puppetlabs/puppet,Puppet Labs,Puppet Labs,Software Configuration Management,219230,152842,46326,25788,7824,2208,91,455,Ruby,2010-09-14T19:26:44Z,2026-03-30T16:20:08Z,2026-03-16T11:58:10Z,main,Apache-2.0,False,90447
https://github.com/pyrocms/pyrocms,PyroCMS,PyroCMS,Web Content Management Systems,4115,2737,1513,583,3177,917,8,171,PHP,2010-07-06T12:55:25Z,2026-03-28T11:08:49Z,2026-01-23T20:55:53Z,3.9,NOASSERTION,False,59655
https://github.com/python/cpython,Python,Python,Application Development Tools,1502147,787184,392157,166456,72119,34330,9329,1539,Python,2017-02-10T19:23:51Z,2026-03-30T17:26:57Z,2026-03-30T16:42:24Z,main,NOASSERTION,False,802690
https://github.com/q2a/question2answer,Question2Answer,Question2Answer,Other Web Tools & Plugins,255,62,164,41,1669,618,91,129,PHP,2011-12-05T13:18:58Z,2026-03-29T13:24:38Z,2024-08-20T01:45:18Z,bugfix,GPL-3.0,False,10075
https://github.com/quartz-scheduler/quartz,Quartz Scheduler,Quartz Scheduler,IT Infrastructure & Ops Management,81415,62290,11905,6978,6708,1996,72,231,Java,2016-03-07T14:05:37Z,2026-03-30T09:46:57Z,2026-03-20T01:43:34Z,main,Apache-2.0,False,26998
https://github.com/quilljs/quill,Quill,Quill,Other Web Tools & Plugins,23720,10759,8304,3522,47008,3630,635,484,TypeScript,2012-07-30T23:23:18Z,2026-03-30T17:49:25Z,2025-07-25T06:09:23Z,main,BSD-3-Clause,False,18429
https://github.com/qunitjs/qunit,The jQuery Foundation Inc,qunit,Testing & QA,37948,26680,10915,7438,4028,776,52,122,JavaScript,2009-07-24T16:26:23Z,2026-03-18T06:41:56Z,2026-02-05T01:31:03Z,main,MIT,False,16709
https://github.com/rabbitmq/rabbitmq-server,Pivotal Software,Pivotal vFabric RabbitMQ,Application Development Tools,351471,199864,85034,36544,13553,4000,261,374,JavaScript,2010-09-20T10:29:16Z,2026-03-30T11:53:08Z,2026-03-30T17:40:12Z,main,NOASSERTION,False,228719
https://github.com/rails/rails,Ruby on Rails,Ruby on Rails,Frameworks & Libraries,1015563,594884,403948,161698,58316,22180,1540,2307,Ruby,2008-04-11T02:19:47Z,2026-03-30T13:56:02Z,2026-03-30T13:01:53Z,main,MIT,False,277775
https://github.com/rancher/os,Rancher Labs,RancherOS,Application Development Tools,1908,901,333,162,6449,652,457,281,Go,2015-01-05T03:37:16Z,2026-03-30T07:24:14Z,2024-06-07T16:53:40Z,master,Apache-2.0,True,33549
https://github.com/redis/redis,Redis Labs Inc.,Redis,Database Management,526598,267422,132399,52038,73583,24554,2777,2487,C,2009-03-21T22:32:25Z,2026-03-30T17:54:05Z,2026-03-30T11:50:48Z,unstable,NOASSERTION,False,209520
https://github.com/requirejs/requirejs,RequireJS,RequireJS,Frameworks & Libraries,1756856,872205,676541,266452,12938,2351,290,506,JavaScript,2010-02-03T21:08:14Z,2026-03-29T18:43:01Z,2025-11-30T23:49:15Z,master,NOASSERTION,False,14800
https://github.com/rethinkdb/rethinkdb,RethinkDB,RethinkDB,Database Management,17233,10917,3165,1553,26989,1856,1350,757,C++,2012-10-30T05:37:47Z,2026-03-30T06:48:34Z,2026-03-28T06:10:59Z,main,NOASSERTION,False,283668
https://github.com/ripple/rippled,Ripple Labs Inc.,Ripple,Blockchain,41954,13769,4086,1913,5118,1611,555,512,C++,2011-11-07T04:40:15Z,2026-03-30T17:38:16Z,2026-03-30T17:38:13Z,develop,ISC,False,149484
https://github.com/rkt/rkt,CoreOS,rkt,Application Development Tools,63207,40376,10623,3173,8788,876,499,405,Go,2014-11-11T23:13:18Z,2026-03-24T21:24:08Z,2020-02-24T14:16:05Z,master,Apache-2.0,True,26090
https://github.com/roundcube/roundcubemail,Roundcube Webmail Project,Roundcube,Other IT Development/Infrastructure,9742,8907,570,315,6878,1744,439,218,PHP,2012-05-04T11:19:01Z,2026-03-30T12:50:40Z,2026-03-29T10:02:44Z,master,,False,68338
https://github.com/rundeck/rundeck,Rundeck,Rundeck,Application Development Tools,115729,74209,27214,13629,6082,971,669,197,Groovy,2010-09-03T22:11:25Z,2026-03-30T02:45:44Z,2026-03-30T16:47:37Z,main,Apache-2.0,False,224703
https://github.com/rust-lang/rust,Rust,Rust,Programming Languages,19425,12365,4040,1586,111585,14682,12299,1474,Rust,2010-06-16T20:39:03Z,2026-03-30T17:50:04Z,2026-03-30T16:26:38Z,main,Apache-2.0,False,866679
https://github.com/saltstack/salt,SaltStack,SaltStack,IT Infrastructure & Ops Management,88539,55793,16071,7895,15295,5575,2472,516,Python,2011-02-20T20:16:56Z,2026-03-30T17:21:16Z,2026-03-30T17:55:43Z,master,Apache-2.0,False,562766
https://github.com/scala/scala3,EPFL,Scala,Programming Languages,521729,295353,113825,51709,6221,1153,1930,194,Scala,2012-12-06T12:57:33Z,2026-03-30T14:15:07Z,2026-03-30T12:34:57Z,main,Apache-2.0,False,216769
https://github.com/scikit-learn/scikit-learn,scikit-learn,scikit-learn,Data Science & Machine Learning,470785,246909,96045,46412,65557,26862,2131,2108,Python,2010-08-17T09:43:38Z,2026-03-30T17:40:02Z,2026-03-30T15:45:03Z,main,BSD-3-Clause,False,180760
https://github.com/seam/solder,Red Hat,JBoss Seam Framework,Application Development Tools,9099,4661,1826,762,41,31,1,3,Java,2010-12-02T18:37:18Z,2023-04-15T03:32:23Z,2020-10-13T09:55:10Z,develop,,False,4934
https://github.com/sensu/sensu-go,sensuapp,Sensu,IT Infrastructure & Ops Management,2837,1553,380,138,1098,180,286,48,Go,2017-02-23T23:38:08Z,2026-03-25T18:21:38Z,2026-03-30T06:05:30Z,main,MIT,False,177773
https://github.com/shopsys/shopsys,Shopsys Framework,Shopsys Framework,E-Commerce Platform/Software,40,0,39,0,346,99,92,16,PHP,2018-02-01T12:21:09Z,2026-03-30T11:27:37Z,2026-03-30T14:06:16Z,19.0,NOASSERTION,False,1085949
https://github.com/shopware/shopware,Shopware Inc,Shopware,E-Commerce Platform/Software,13584,355,9125,171,3301,1167,1417,94,PHP,2018-05-03T13:00:31Z,2026-03-30T16:23:19Z,2026-03-30T16:38:12Z,trunk,MIT,False,404696
https://github.com/silverstripe/silverstripe-framework,SilverStripe,SilverStripe,Web Content Management Systems,42305,26361,17081,6497,722,817,682,56,PHP,2011-02-02T02:04:13Z,2026-03-26T22:16:23Z,2026-03-23T02:48:51Z,6,BSD-3-Clause,False,116091
https://github.com/snowplow/snowplow,Snowplow Analytics,Snowplow,Web Analytics,473561,321299,208706,103833,7001,1178,59,257,Scala,2012-03-01T13:02:21Z,2026-03-30T12:19:41Z,2026-03-30T12:19:36Z,master,Apache-2.0,False,26837
https://github.com/spree/spree,Spree Commerce,SpreeCommerc,Commerce Application,4906,2820,2180,792,15301,5245,100,81,Ruby,2008-03-10T14:45:35Z,2026-03-30T16:26:00Z,2026-03-30T17:39:51Z,main,BSD-3-Clause,False,252912
https://github.com/spring-projects/spring-framework,Pivotal Software,Spring,Frameworks & Libraries,64668,52920,12290,8391,59794,38897,369,3281,Java,2010-12-08T04:04:45Z,2026-03-30T15:03:17Z,2026-03-30T15:03:32Z,main,Apache-2.0,False,241733
https://github.com/squid-cache/squid,Squid,Proxy Server,Application Server Software,15625,6135,6900,705,2907,618,184,72,C++,2014-09-27T00:59:40Z,2026-03-30T07:48:15Z,2026-03-27T09:57:18Z,master,GPL-2.0,False,181921
https://github.com/symfony/symfony,Symfony,Symfony,Frameworks & Libraries,124058,47849,45076,11607,30986,9813,560,1044,PHP,2010-01-04T14:21:21Z,2026-03-30T15:22:22Z,2026-03-30T16:40:05Z,8.1,MIT,False,322264
https://github.com/telerik/kendo-ui-core,Progress Software,Kendo UI,Frameworks & Libraries,155087,97088,52953,25086,2575,1893,752,187,JavaScript,2014-01-31T15:21:13Z,2026-03-30T15:16:30Z,2026-03-30T06:11:22Z,master,NOASSERTION,False,507447
https://github.com/tensorflow/tensorflow,Google,TensorFlow,Data Science & Machine Learning,475441,255549,104572,47907,194394,75252,4069,7393,C++,2015-11-07T01:19:20Z,2026-03-30T17:49:30Z,2026-03-30T17:50:23Z,master,Apache-2.0,False,1297769
https://github.com/testng-team/testng,TestNG,TestNG,Testing & QA,506057,329919,102580,52969,2053,1026,287,179,Java,2010-06-28T23:10:17Z,2026-03-27T03:08:52Z,2026-03-27T03:08:47Z,master,Apache-2.0,False,33126
https://github.com/textpattern/textpattern,textpattern.com,Textpattern CMS,Web Content Management Systems,7661,7033,756,479,861,109,78,40,PHP,2009-03-24T23:49:46Z,2026-03-27T23:19:00Z,2026-03-25T11:54:57Z,dev,GPL-2.0,False,54276
https://github.com/thelia/thelia,Thelia,Thelia,E-Commerce Platform/Software,178,1,139,1,871,313,90,65,PHP,2013-03-18T20:10:36Z,2026-03-17T11:16:05Z,2026-03-30T16:26:49Z,main,GPL-3.0,False,112421
https://github.com/torch/torch7,Torch,Torch,Data Science & Machine Learning,14687,6028,5578,976,9115,2357,297,611,C,2013-10-18T12:13:58Z,2026-03-30T13:06:37Z,2025-03-31T20:16:24Z,master,NOASSERTION,False,2634
https://github.com/tornadoweb/tornado,Apps,Tornado,Server,4127,1834,1781,565,22385,5546,211,953,Python,2009-09-09T04:55:16Z,2026-03-30T14:07:35Z,2026-03-26T17:59:39Z,master,Apache-2.0,False,11063
https://github.com/torvalds/linux,LINUX,Linux,Operating System,4907656,2777856,1281548,537122,225680,61306,3,8134,C,2011-09-04T22:48:12Z,2026-03-30T17:56:29Z,2026-03-29T22:42:54Z,master,NOASSERTION,False,6096869
https://github.com/twbs/bootstrap,Twitter Inc.,Bootstrap,Frameworks & Libraries,3479964,1673778,1656937,602335,174118,79026,473,6648,MDX,2011-07-29T21:19:00Z,2026-03-30T17:31:49Z,2026-03-29T21:05:57Z,main,MIT,False,281149
https://github.com/twitter/hogan.js,Twitter Inc.,Hoganjs,Frameworks & Libraries,43150,25302,18273,8682,5137,428,38,236,JavaScript,2011-12-21T19:58:09Z,2026-03-17T08:05:21Z,2023-04-10T11:35:08Z,master,Apache-2.0,False,449
https://github.com/ubercart/ubercart,Ubercart,Commerce Software,Commerce Application,7569,5154,4033,2206,,,,,,,,,,,,
https://github.com/umbraco/Umbraco-CMS,Umbraco,Umbraco,Web Content Management Systems,46633,14494,21966,4723,5152,2869,563,221,C#,2013-06-10T13:50:46Z,2026-03-30T15:09:47Z,2026-03-30T17:14:25Z,main,MIT,False,449235
https://github.com/unclebob/fitnesse,fitnesse.org,FitNesse,Testing & QA,60973,39611,8848,4825,2102,710,109,144,Java,2008-12-06T19:38:59Z,2026-03-26T04:48:44Z,2026-03-30T15:49:05Z,master,NOASSERTION,False,74459
https://github.com/vaadin/framework,Vaadin,Vaadin,Frameworks & Libraries,81184,56461,12500,5340,1807,721,404,136,Java,2012-10-19T10:41:30Z,2026-03-29T12:49:24Z,2026-03-27T11:46:53Z,master,NOASSERTION,False,487570
https://github.com/varnishcache/varnish-cache,Varnish,Varnish,Application Server Software,701345,394092,297274,125224,4059,399,150,106,C,2015-10-05T12:04:36Z,2026-03-29T09:44:29Z,2026-02-16T01:29:54Z,master,NOASSERTION,True,37566
https://github.com/vdukhovni/postfix,POSTFIX,Mail Server,Email Software,177822,103608,47310,20896,530,147,2,51,C,2013-02-16T20:48:16Z,2026-03-30T15:09:23Z,2026-03-20T13:04:00Z,master,NOASSERTION,False,40054
https://github.com/vrana/adminer,jakubvrana,Adminer,Database Management,2025,1006,401,129,7329,1169,32,222,PHP,2010-04-25T08:30:07Z,2026-03-29T15:26:46Z,2026-03-18T14:15:06Z,master,NOASSERTION,False,10804
https://github.com/watir/watir,Watir,Watir,Frameworks & Libraries,29466,22219,6659,4220,1545,247,12,67,Ruby,2009-11-09T11:40:46Z,2026-03-17T07:08:18Z,2024-05-31T14:27:21Z,main,MIT,False,8878
https://github.com/webEdition/webEdition-CE,webedition.org,webEdition,Web Content Management Systems,238,3,199,3,,,,,,,,,,,,
https://github.com/wildfly/wildfly,Red Hat,JBoss Enterprise Application Server (EAS),Application Development Tools,604645,379564,118161,56867,3158,2253,105,180,Java,2010-07-08T20:46:07Z,2026-03-30T07:14:06Z,2026-03-30T09:43:11Z,main,Apache-2.0,False,302121
https://github.com/woocommerce/woocommerce,WooCommerce,WooCommerce,E-Commerce Platform/Software,532873,195381,386951,110397,10227,10718,2932,533,PHP,2011-08-09T15:12:11Z,2026-03-30T17:39:20Z,2026-03-30T17:39:15Z,trunk,,False,885488
https://github.com/xen-project/xen,Xen Project,Xen,Server Virtualization,1480,1084,253,122,794,381,3,50,C,2016-02-03T15:00:09Z,2026-03-30T16:36:42Z,2026-03-30T16:36:35Z,master,NOASSERTION,False,149310
https://github.com/xwiki/xwiki-platform,XWiki,XWiki,Other Web Tools & Plugins,162,7,82,7,1227,623,193,59,Java,2011-03-10T13:26:41Z,2026-03-30T15:31:34Z,2026-03-30T16:24:32Z,master,LGPL-2.1,False,611975
https://github.com/yiiframework/yii2,Yii Framework,Yii,Frameworks & Libraries,101583,44574,47061,15227,,,,,,,,,,,,
https://github.com/yui/yui3,Yahoo!,Yahoo User Interface,Frameworks & Libraries,872335,461083,386928,169301,4174,1278,362,243,JavaScript,2008-12-05T19:12:24Z,2026-03-27T02:12:29Z,2025-02-20T00:57:45Z,master,NOASSERTION,False,205628
https://github.com/zabbix/zabbix,Zabbix,Zabbix,IT Infrastructure & Ops Management,315118,158946,57433,20783,5762,1193,94,143,Go Template,2014-02-27T15:36:03Z,2026-03-30T17:36:51Z,2026-03-30T16:00:51Z,master,AGPL-3.0,False,1923190
https://github.com/zencart/zencart,Zen Cart,Commerce Software,E-Commerce Platform/Software,3630,1366,2983,989,417,245,61,50,PHP,2012-07-04T10:02:56Z,2026-03-29T12:26:16Z,2026-03-29T12:26:12Z,master,NOASSERTION,False,105547
https://github.com/zkoss/zk,Potix Corporation,ZK,Frameworks & Libraries,10215,4784,1472,703,466,216,34,46,Java,2011-05-20T10:25:18Z,2026-03-30T09:02:12Z,2026-03-30T09:02:06Z,master,,False,1066006
https://github.com/zopefoundation/Zope,Zope,Web Server,Server,41852,29594,16459,10062,382,106,29,86,Python,2013-02-26T16:13:23Z,2026-03-29T18:45:07Z,2026-03-23T04:48:38Z,master,NOASSERTION,False,163880
